t,EKF_dev_min1,EKF_dev_min2,EKF_dev_min3,EKF_dev_min4
1,0.044207749532260254,0.1072908163160943,0.14192051722824653,0.06399830850090524
2,0.00023178305200273385,0.3826603646802379,0.09421399311491417,0.1696508081187421
3,0.0001046723885130442,0.17406809516217195,0.2463818092826632,0.20169915466648916
4,8.237595764299665e-5,0.13281694628450685,0.20517872487633473,0.186842731610915
5,9.562763247584035e-5,0.10205243911778111,0.19306641683472153,0.17238240785014564
6,0.0001068021205891619,0.07647342629549506,0.18937325086040027,0.1632306552273102
7,0.00017473066740473676,0.056035369356188885,0.1872883951411225,0.156336399604615
8,0.0001186349608884515,0.03878044088487401,0.18410866662260802,0.14895743602305947
9,0.000181477971637021,0.026501514043390184,0.18102995120715948,0.14096013952845432
10,6.550009460646e-5,0.026726673452870657,0.17492729584764383,0.1330497580790358
11,0.00024173235639350827,0.04113656247100024,0.17024367922109956,0.12517175057103977
12,0.00019617775860097207,0.055479921806842275,0.16319527721835472,0.11654414309334357
13,0.00017052926737543147,0.07592552642215174,0.15700599643646257,0.11017589357778149
14,0.00018542713946034027,0.09989898216639517,0.15182085375066853,0.10344894243850954
15,8.596653240163767e-5,0.12034630727402086,0.14548210071786816,0.09429991385734685
16,0.00030126716939498364,0.14840636113303673,0.14064967052029995,0.08896632044914868
17,0.00016849153555753053,0.17923023347139344,0.131659735750915,0.08145469616488414
18,0.0002661537680668012,0.19596758512966458,0.11854936586675927,0.0758063298496923
19,0.00015806909125896403,0.21505252600148983,0.1178212515334511,0.06942101809089288
20,0.0001275655336702711,0.24957809261819688,0.11727820244520983,0.0649359633802774
21,0.00013004182841514354,0.26618910160715464,0.12622403390970907,0.06335785080540447
22,3.963273907666402e-5,0.2791238402960751,0.11548896893810903,0.05708388493192697
23,0.00021098872509924368,0.29789944601122353,0.11140913127291459,0.054047852355526185
24,0.00017729161086213976,0.32244335149859166,0.11566326952452707,0.049827595917976995
25,0.00026615463683647873,0.3413083831577549,0.1213193845553114,0.04541568723973991
26,0.0001033580817103476,0.35437006268675547,0.11664637698767505,0.041045391823804046
27,0.00022707528123638298,0.3698276756494075,0.11886099017770381,0.03825416699581908
28,0.00011857210889383625,0.3785817966399642,0.11911327543381749,0.03287339464183568
29,0.00010725681102588553,0.40452903495865383,0.1290445341333198,0.027791038310849284
30,9.50024178809601e-5,0.4319272599347329,0.13886430241461,0.025838176743763413
31,0.00022728495557279303,0.4612811386093923,0.13862056007787663,0.023442736771985145
32,0.00017947833719237036,0.46874610903667313,0.1355441151983299,0.016319990588194788
33,0.00025149961941570045,0.49514852623759953,0.14692521028530262,0.025201664847847943
34,6.082642898677621e-5,0.5272357719806657,0.1399120238038369,0.024564624750499073
35,0.0002426844865898365,0.5484585852922312,0.15630120617475968,0.031351326973799554
36,0.00014085053803606276,0.5651045285549887,0.1522332131482933,0.032491974332523994
37,7.438841992980719e-5,0.5893248371913938,0.15441021104351957,0.036369155120102366
38,0.00016331274895063985,0.6085543751411652,0.14245666230332593,0.04328115256557217
39,0.0001334153201307616,0.6341754464829386,0.13807199044380644,0.04717541567211922
40,0.00016871262072014787,0.6432658868700694,0.15431993053370702,0.06254975474848187
41,0.00020063412770288022,0.6522212271361,0.14976600431885964,0.058349195484723754
42,0.0001936706604116595,0.6561392641976528,0.16102604268304777,0.06603292036308221
43,0.00028965830481242225,0.6506156070129996,0.15053265397381496,0.06974747372074043
44,0.00023882926843838754,0.6248056384782287,0.1488278811517,0.07707084441999477
45,0.00013572774936299194,0.5850819501965371,0.13635178242861737,0.08124259639134311
46,0.00015870324033768067,0.5504557756405652,0.1263606442101679,0.09006950406679018
47,9.516862818586791e-5,0.5065994623357559,0.11859073781528051,0.09874993122721162
48,0.0002638603708225527,0.46080306338675314,0.097057088011902,0.11430007584664295
49,0.0002029982517577454,0.4160685980350918,0.0706757147806436,0.11914116381180904
50,0.00013033781818073853,0.35532289002609485,0.04927669020225968,0.12822172532627216
51,0.00021143659022593528,0.30800315784735066,0.052171995642257406,0.14185452289179415
52,0.0002586671158360055,0.2523318331825669,0.06968076870323678,0.15092236160763556
53,7.707214613412632e-5,0.21789585898107802,0.10223670023446568,0.16085917808927844
54,0.00017804206232647444,0.168198730951994,0.13960190502747447,0.17458023455749078
55,0.00021016362052576613,0.13128663279966893,0.16475343398657133,0.18545353024784772
56,0.00014325559999247788,0.1007828493882433,0.17629386831557853,0.19835324493095866
57,0.0003293030925003936,0.07262859264493143,0.1911525850591446,0.20815764405883533
58,7.557958715209694e-5,0.0494267191629252,0.1793170247903353,0.21625662055744233
59,0.00011394696206897156,0.037093787296832006,0.18154858340820196,0.21894073173048115
60,0.00017521474450484683,0.042414588107926914,0.16994498483867018,0.2209104928628374
61,0.00014160519624164907,0.04100149505593832,0.15252351471633105,0.21898151830626086
62,0.00011694990894684494,0.0392191274903611,0.13401338441529656,0.21674745924819336
63,0.0001303529008931083,0.029788395396471046,0.1096724528367619,0.21173740503090716
64,0.00020872690144420783,0.02206102672908087,0.09519395908960529,0.20756021498876737
65,0.00018049459749852278,0.023259717188100177,0.10129167227875001,0.1983848556832337
66,0.00012041196558018465,0.01963449302744452,0.07349402572194808,0.1908536044112156
67,0.00012612498354246015,0.023569261004641434,0.06217902627225434,0.17799498931579624
68,0.00016666117625397715,0.01713132909710018,0.03984856578680958,0.16997984302732574
69,7.895350632251652e-5,0.014210173279027412,0.02325540999025731,0.16317752649003092
70,0.0002626509308622595,0.012123926116764225,0.02406938010738953,0.145539149291917
71,0.0001279444498352587,0.01771675102052296,0.0260799052613241,0.13233482772745545
72,0.00024210387894724918,0.02368850176707548,0.025847711534978782,0.11576027983049518
73,6.924642715796367e-5,0.023356394674412907,0.018001784858616265,0.10620188273161618
74,0.00011408495010413977,0.021490563638753287,0.009863069282691239,0.09763643105885993
75,0.00012920604967626664,0.026810941643138256,0.028498109660137497,0.06964987747985198
76,0.00017239361964926995,0.017672985723947002,0.01586390527983953,0.07020435564380835
77,0.0001196561300922898,0.016317304611578536,0.014836608234007924,0.053963171090417705
78,0.00016876250221155314,0.012617470439390568,0.00916795796113642,0.04356655494298649
79,0.00010095690557922076,0.01287396338218013,0.018611525216024025,0.021826503338418773
80,0.00019064802243444492,0.013541311451466184,0.03331167496823628,0.01480483176842087
81,4.292034332899685e-5,0.008076093986461249,0.015240722091886772,0.005558436352676276
82,0.0001290373876234199,0.003663190041886138,0.021125705009114166,0.019006616259956238
83,4.5747140372789755e-5,0.003733372056987357,0.017951448258483594,0.029853636560331673
84,0.00011237890660378345,0.009290988143019051,0.01545771001691735,0.039223780157912995
85,5.9312890170020335e-5,0.003494013189653997,0.011657055761738824,0.05531071316735112
86,0.00017105725543625956,0.004904229059024479,0.010975144846765135,0.07139653814805552
87,0.00022253732359068162,0.007770042780480385,0.01624327322289012,0.08443600055722922
88,0.00011814391651503658,0.0061963025842800635,0.01862374804224809,0.09931467281247901
89,2.136126322786905e-5,0.014546773975228971,0.010032025587002958,0.09842053001753644
90,0.00011720231221952117,0.011889144035168043,0.01200113968337427,0.11255976574310589
91,0.00012687684182634114,0.017512024372693766,0.004156598292665116,0.1110688079199342
92,7.008983118312124e-5,0.021276580398832574,0.012327792558595322,0.1286207216958149
93,0.00014082743945425938,0.02781286756541612,0.019981249427348503,0.13632211110093753
94,9.49106366120267e-5,0.025957973667991185,0.020766186390172702,0.16675925913300238
95,6.726951804485099e-5,0.03396282631470519,0.0168797419365563,0.15072895912397066
96,0.0001686974398768762,0.03405431163890138,0.031103485333656155,0.11349587089826801
97,0.00015444640005909344,0.03661413014568087,0.03560449779572213,0.11615372176165802
98,0.0002132704695418496,0.04026301594919279,0.02969788664503997,0.13198101418282376
99,0.00016219609659605692,0.05276511174590501,0.023308178250741916,0.15765360020327068
100,8.608068710645431e-5,0.050882154800743595,0.011122540979878812,0.15163438248151861
101,0.00023177006663713536,0.046847227843041406,0.014850961081288097,0.15444593757331887
102,0.00014412036353302443,0.04122487348136393,0.026828673731911022,0.15983266339405486
103,0.0002729526680080077,0.03620975458737245,0.01716418772752226,0.15502709360403447
104,0.00010655010147499064,0.033350911009704685,0.012660165818309428,0.15985549342451055
105,0.00014489895309140711,0.029941451757645003,0.016803605312242065,0.16129813611137298
106,0.00010202481353736131,0.023805795752648677,0.024398162745141654,0.16399788418261124
107,9.42799098949897e-5,0.03229922822882759,0.028317122929698235,0.15434170546734713
108,5.010979843101873e-5,0.031211024739727714,0.035375838528931475,0.1588695528834914
109,0.0001256590416066299,0.024635028272605813,0.031247371520707935,0.15255689654490032
110,0.00011884492733649727,0.02476990646898261,0.029549322343017936,0.15314280127472413
111,0.00016287333248797176,0.02637944952465111,0.027306551129384425,0.14442222919245085
112,0.00028577003408817626,0.030149709199221636,0.02791104538826037,0.14125379168412375
113,0.00019129199299500337,0.028103318992349326,0.02091565146365638,0.13523460811456786
114,0.00017069021203885477,0.02838904246854777,0.025223070193921594,0.1345406689349429
115,0.00018473154157884643,0.022375325666107528,0.022275904282583858,0.13182225005247628
116,0.00010515708925113865,0.02530698709396423,0.030587698814697015,0.116980501695693
117,0.0001251744274486433,0.026072878771847222,0.036670171634442555,0.11179663938158232
118,0.00016373688463103817,0.018985774465822388,0.016911755877081235,0.10796870282720394
119,5.8911513615428175e-5,0.02197187336949563,0.023372010575561247,0.10526180552560614
120,0.0001805007705697116,0.022948293574211902,0.019621644649750365,0.09898980111007337
121,0.0001861964919477065,0.025388625287266074,0.026939920758349174,0.08782026655664395
122,0.0002283118652107876,0.01926368467369063,0.019561685675065218,0.08202614828901288
123,0.00019352430946264432,0.01662185882140518,0.008557252900833595,0.07461170297323592
124,0.0002784143117323577,0.019317303537343754,0.01083808961147155,0.06681471372378152
125,0.0002499252791580987,0.012365928374974442,0.01240861803328051,0.05535528481110708
126,0.00021552044715772168,0.012071833129042798,0.01116341872092787,0.04449182144730255
127,0.00010695944628604614,0.009743342716764504,0.013041411171990251,0.04197095533013968
128,0.0001990675035775773,0.004626488026384424,0.010344121153026523,0.03512513319566882
129,0.00010842909276578669,0.006277832938620056,0.021028388206492905,0.023918641201182214
130,0.00023524795357884512,0.0035929383964594663,0.02379002179485986,0.013344327190696817
131,9.649143521445933e-5,0.009140832899495587,0.02192105818308414,0.005751066117446185
132,0.00016919316037778998,0.002685806972718306,0.0048326687243101275,0.005951679659271111
133,0.0002225575750680247,0.00595348461743044,0.014473419259201724,0.011615980942744157
134,3.89849427400691e-5,0.0005157764056513267,0.029794603585504086,0.025024698675367024
135,6.185209861130366e-5,0.009418923779300353,0.02865071458612403,0.02212340527759385
136,2.8201855727750846e-5,0.0022891447078542356,0.02073175275840726,0.0291961147673488
137,0.00017887123598319145,0.001348109152003611,0.007516064171893807,0.03888864602650171
138,0.00021490650742811665,0.002979749266183451,0.012443834960235042,0.046515962704177516
139,0.00020616402632834413,0.0021489536818802514,0.007904409600824707,0.05580554289844146
140,0.00013050806228199525,0.0060426911946848995,0.00656865996838408,0.06186442187343855
141,0.00012818741326120616,0.006727962601714458,0.006582615116470345,0.0688058698677456
142,0.00016245603707696956,0.009131791126929825,0.009262648623082922,0.07918845463229092
143,0.00016523188807041788,0.010647453061548594,0.009634758365394814,0.0831479208551499
144,0.00015391336950126467,0.010270539281872519,0.014056051850030076,0.0875912953633233
145,0.00019006589523721653,0.018072928454751416,0.012627435666850966,0.09520117598532457
146,0.00012283509886386757,0.008923414677535726,0.011146262383286209,0.10548852846748069
147,0.0002236028931566792,0.015432097927149243,0.011090392801525125,0.10588885496304044
148,0.00017795869137607925,0.01546712462758655,0.009889560791461154,0.10837871356320679
149,0.00013477779549111755,0.01657760878956827,0.010960360698084488,0.11207664926700252
150,0.00018123288458781234,0.011949778743625506,0.007377416331366847,0.11613361789975835
151,0.00016990549293475422,0.01411357218815481,0.012475202169496415,0.12276104397867348
152,0.000130781385103264,0.018547394296358263,0.01408004319308216,0.1198541894407534
153,0.00012407433069541935,0.011735490531904575,0.013126788369133465,0.12846775328802204
154,0.0002480316910572079,0.01434481209190224,0.006471749935472659,0.12439226209295216
155,0.0001860552251811084,0.015936773645717276,0.007025826029291733,0.12395629800948599
156,0.00011940250358724195,0.008412761330651077,0.007811561587799089,0.12683995142702195
157,0.0002909808947221629,0.004226072274895994,0.004423224236155032,0.1283508383440038
158,0.00011776827466515787,0.012705796062397075,0.007773143271728265,0.11988345716548682
159,5.791328567240761e-5,0.005012307517339131,0.00571300997283531,0.12437955607271593
160,0.00023582483192762646,0.0037357336558258044,0.006979712945922683,0.12334269932534682
161,0.00011488496163161748,0.010573996873407964,0.005722339990771554,0.1210142483466486
162,0.0001214608728448162,0.006576914926026969,0.010841955847001108,0.12368950448791473
163,0.00018965334054915666,0.008639362566585844,0.009937649111027754,0.1183215892522001
164,0.0001227697663627909,0.01098492650203593,0.0169979677166106,0.09647529528549509
165,0.00020590270721875404,0.012096604022674422,0.007853126899832792,0.09853129349321003
166,0.00019290508056138465,0.006228596399015928,0.008250179633910946,0.10284742114269137
167,0.00014307843949328824,0.009288852215629992,0.008366384964529981,0.0897695795665132
168,0.0001876092232573101,0.004518162964492987,0.006850868942161001,0.09459683996086293
169,6.305569766399884e-5,0.004617619524551338,0.01199544635976746,0.08734327609856173
170,0.000206536430730297,0.011199401886275754,0.011782790703983052,0.07118498007307122
171,0.00014462927402024157,0.00820217129154027,0.016351224293483832,0.06269455712985951
172,9.644234169253181e-5,0.010831573006682482,0.008439261678647005,0.06680450451010493
173,0.00011934552107994997,0.005530695830122769,0.009875651759484802,0.05683493277420025
174,6.335349356424765e-5,0.0063048271553785866,0.008177366072419213,0.05410522337168057
175,0.00020826995971493626,0.010905036606904634,0.017472039840030897,0.030123907875793794
176,0.00011314997466092842,0.007128370310863593,0.006136407644310941,0.047837957425795635
177,0.00011105943420855947,0.004790090090491419,0.006233641102313908,0.039579796095032205
178,9.534555380536518e-5,0.0018215280195048682,0.006540512197909011,0.0300017695535443
179,9.431903836266048e-5,0.0030066547730584377,0.004016038847574519,0.023664204744012634
180,0.000108235889808515,0.005994717802297358,0.003960696186419912,0.013786191736268091
181,0.00010398191272166399,0.0033056093643146624,0.0020663813242697525,0.0073710529425583355
182,0.00014015835090116303,0.004159816970269463,0.0026768559105403633,0.003290587292166411
183,4.4194361114335765e-5,0.011185493516980746,0.0007116513430772843,0.024138251197823847
184,0.00013775905954238488,0.0016694956746095716,0.0021230544114672345,0.021595744824491846
185,0.00012949640777302918,0.0019981586482317585,0.013627180629518057,0.041100088079018146
186,0.00018700080306764016,0.0062116599645732,0.011131883353068375,0.04038751427382093
187,0.0002097838260229233,0.01264457306773828,0.006842671141511755,0.03778354646399696
188,0.00018199000162407803,0.024236250941228825,0.018299842955274637,0.031003275773112956
189,0.00022496018619818904,0.022103581263957367,0.019969739987332945,0.035412520077750226
190,0.00011309532294283735,0.024280788701365977,0.014900024361977094,0.05477081084000968
191,0.00016910527047868775,0.022224302636093107,0.02144290750402145,0.06185285564246521
192,0.00033307087450330786,0.011410514281981931,0.013314202737846665,0.08065331716590916
193,0.00018777359411424624,0.005390146137484717,0.012737525334776642,0.07194140605142449
194,0.0001095767090194738,0.0016127846093674648,0.01217206521273793,0.07157980381602946
195,0.00013922403107456262,0.018076058861143687,0.0238174945646451,0.07710646269377316
196,6.664854331863287e-5,0.02188873999345613,0.023636868387715667,0.07868556475019248
197,0.0002448533061161751,0.020466516210776213,0.023366384284259085,0.08673678970152011
198,0.00012181690667254684,0.014353643734549747,0.026127760312442128,0.0925032013360264
199,0.00020290872005031683,0.02213077830509859,0.035383396635470424,0.08850515760324738
200,0.0001071340875604084,0.008395668789814776,0.021357678216381102,0.09340197737805662
201,0.00022826674907973674,0.007266309092715512,0.028267509278677765,0.09132800833901265
202,0.00013868983631702147,0.01907836807270826,0.01774313761431943,0.10634621617718817
203,0.00015148194070885827,0.019004110434616927,0.03972666402425681,0.07482551610854947
204,0.00023031980538061654,0.037491732049605646,0.03719203805636178,0.0744461739129652
205,0.00012064506852357627,0.027669134600822983,0.025731076155735767,0.07444583212293315
206,0.00010694233359186246,0.0226919936038832,0.020070663931197726,0.08334166932856152
207,0.00015489203539028538,0.012008253140506898,0.016257547686686167,0.0830493415010878
208,0.0001298211243590735,0.011368207963025997,0.014287927907038226,0.0885462299769826
209,0.00012505098443784917,0.011389916458966441,0.019253611334727513,0.0855109790284123
210,0.00014152735968782812,0.013580339330996831,0.016973098925075213,0.08599745785319746
211,0.00012509698686008808,0.020253638297593208,0.019497558726388278,0.07702340204545835
212,0.0001316555811491628,0.017431326940348532,0.014553515000933388,0.0702065957622287
213,4.003598203651664e-5,0.014752365078684384,0.018432490463351034,0.06297400180947664
214,0.00012567480695300194,0.014345011832274438,0.006639456672397797,0.06510586095101278
215,0.00015890589869818202,0.018625374573082658,0.0013876564797534329,0.0693305009748727
216,8.604931832761645e-5,0.020783436496180335,0.002468268970480121,0.06532381723251804
217,0.00010905558266614217,0.010275794707230708,0.005021718536388603,0.06738841249196048
218,7.590710328879046e-5,0.012466004895045846,0.006562877462894244,0.0649364513905223
219,0.0002924691379502724,0.015364182613472693,0.009445043056315662,0.06180169039242837
220,9.558455578599646e-5,0.009005913381236083,0.010815294235583809,0.0619638989443669
221,0.0001293602572481842,0.019187925674706743,0.02363696530171068,0.05056265168934635
222,0.00016162496118313837,0.004229574427123641,0.007295624904307306,0.04914754398659379
223,0.00017761400584401032,0.012023296748498403,0.026355590231585596,0.04721881694321924
224,8.936994088321966e-5,0.0165065584945117,0.006649510098696355,0.044256166242056236
225,6.677194471660993e-5,0.015769742686858584,0.011056845081968187,0.041763553762121736
226,9.351902126021685e-5,0.010494111649266499,0.015835199259555344,0.03850330850045181
227,0.00012936067755215877,0.010565473729132422,0.018858394295332533,0.0308780878247886
228,0.000138914680513837,0.006641672577628197,0.008325839562197106,0.022538909742276982
229,0.0002967611093964889,0.00850321799546518,0.017504061056622194,0.020780206190736766
230,0.00014226114656131576,0.016018787022672155,0.024000047915001793,0.016196186007309123
231,0.0001442323674130837,0.018400735434128797,0.013387678652823547,0.012768526200115628
232,0.000175840197146874,0.011659608299565714,0.014048034250400845,0.012724935936429248
233,0.00010103935330929878,0.004200571637139366,0.008607246862289315,0.007086043890965352
234,0.00021898827397065558,0.01494500401315026,0.0025794553918685815,0.014424516914404066
235,0.00015405387732079213,0.02156250624737034,0.005874122392149882,0.016066594188736592
236,0.00014047264746293311,0.01975966997559935,0.005529843545981774,0.02339943068046734
237,0.0001220629909335713,0.020000720908123038,0.007490951109125679,0.03712763877842517
238,0.0002578340413745114,0.02328628512305218,0.006806739538022965,0.032311351709880295
239,7.777904865959151e-5,0.02229844404304201,0.005603929092431515,0.03766489215447817
240,0.0001890282497723175,0.02179757633823849,0.009376746977935866,0.04546919923788166
241,0.00019186539289820303,0.02485631662508314,0.009774144711209225,0.04773724575881552
242,0.00016173546186959835,0.019487813877258005,0.009800894291449444,0.05233448941808306
243,9.9818410257607e-5,0.0030237014481095882,0.006552767197158483,0.06044535733585528
244,0.00020440901308595085,0.0074204886471255305,0.013005712195973894,0.05515010739302747
245,0.00011920352896080543,0.009486449559196282,0.01373631077179911,0.062089241790625055
246,0.0002211521996319142,0.009348350223600848,0.014874156709067951,0.06275966842161639
247,0.00014230269812546834,0.010528677258320315,0.01349160805440769,0.07047787953910141
248,0.00018929190849263316,0.022994136647677757,0.007316140977634694,0.06909926957835773
249,4.238343439163451e-5,0.030286860494233493,0.013374292856055115,0.06969945661824942
250,0.00014372676012911967,0.01591160067099986,0.0039331591516944915,0.07780179131865103
251,0.0001488789381759152,0.02769795514875848,0.0060374710749551775,0.07565082308396327
252,0.0002262458445594498,0.0361007550103537,0.013748266443277746,0.07248847977907172
253,0.00022306364043339706,0.028409345677424987,0.020856934033597264,0.07325347946632937
254,4.974574253827005e-5,0.028535752801682933,0.025935483896340834,0.07461317701210131
255,0.0002466008750787755,0.03660472414080591,0.015332297640206822,0.07805812747644995
256,0.00010116418962744211,0.029006688897649558,0.02033975049700552,0.08107532194404692
257,0.00018519158012080837,0.032150920671167996,0.008290457313399257,0.08898633638269562
258,6.172046559546511e-5,0.027888082379187648,0.015377530837012533,0.080565736738024
259,0.00010090101563241171,0.029027215894983187,0.030403462213342818,0.07460342923300513
260,0.00022896757370575392,0.02633935345955337,0.033760266252808147,0.0695525003351543
261,0.00010966200972638504,0.028999800352047213,0.03120703277966861,0.07351967988284418
262,0.00013808964980810287,0.01940384135448187,0.03304252912115251,0.07316034450518404
263,0.00020149198542286488,0.01610963364966999,0.022090299762899744,0.07925513185205187
264,0.00021193371279230446,0.01421568281329665,0.0244708843544761,0.07574463558666025
265,0.00011255720913548137,0.018435684410945452,0.02472280666314138,0.06957158219027511
266,8.013479021691641e-5,0.013593767124635999,0.028839141802810872,0.06602090555902915
267,0.00019993268448768333,0.01829213974768273,0.01991876544261587,0.07066209141752473
268,0.0002466622128072361,0.018310512630435295,0.019273894236812993,0.06683443582809326
269,0.0002381793955851299,0.01826789974410787,0.012814728271644002,0.06873830923453099
270,0.0001512253338361384,0.010721891891832765,0.010814064560722068,0.07610922858865174
271,0.00013561554337478666,0.010820818936974449,0.022546032483104182,0.05227228059399903
272,5.1946063319497005e-5,0.009037964805098121,0.03196350471752503,0.024042429877234494
273,0.00011840190670524433,0.018331781454788875,0.02673723963853602,0.021868266344548283
274,0.0002049231900882206,0.014639334165860256,0.02070113488337677,0.0347870715998971
275,0.0001685585573483806,0.008733274112675073,0.013958021822934298,0.04627237763155134
276,0.00036914016169676444,0.014205334565243918,0.008035328017218634,0.04430110043146289
277,6.921182072559808e-5,0.009924356996211808,0.008338475483296229,0.04260414767805837
278,0.00020065542861809931,0.009438847309574913,0.013860591963351786,0.03154267963869998
279,0.00011869452939965474,0.004124503096242609,0.02200625610386842,0.011794426754891413
280,0.00015285272982529485,0.009596825905201185,0.020559924026365167,0.030068158168767203
281,0.00019247594474635315,0.0030030304922975806,0.014002092803974348,0.02156266148934249
282,0.0003487470646820253,0.004641058216910684,0.011021933465811472,0.02965427646622291
283,9.996467881696322e-5,0.012356376626100864,0.0050095513461532615,0.03345984753024544
284,0.0002545026919814274,0.01782920589344969,0.006951130518120824,0.03694703019385318
285,0.00011903337894285111,0.009429972544165048,0.002333710092589351,0.020930104731296258
286,0.0001900305497806153,0.009107119082446227,0.004560187369954868,0.033924912548102606
287,8.30962953482957e-5,0.009456670530167771,0.011475726856053392,0.006919074729166478
288,0.0002762547425696559,0.0014389411622651109,0.014916203987765794,0.005348402783452127
289,9.988324180912512e-5,0.009696982323971348,0.019685565040566035,0.009878601814952386
290,0.0002866689057994699,0.009339007684970754,0.018301531823207817,0.01696036464662182
291,8.249293500013719e-5,0.0015918716102779795,0.023506767355711996,0.00981626299416829
292,0.00019673172876320233,0.005865139130069215,0.02118780444701687,0.01229451814862009
293,6.997736408835167e-5,0.024957399741467646,0.04540306740386713,0.0023176672960882926
294,0.00011795694695524322,0.002729481948304479,0.03750354446917507,0.007657284560568672
295,0.00018425152855118898,0.015298724557506294,0.05414481778722611,0.006492052625176548
296,8.6198350607217e-5,0.010298189160659837,0.04473529918778981,0.0028447798045703023
297,0.00017874572110903326,0.006240115827925229,0.030720174286266163,0.024241809001385638
298,0.00026944565951520194,0.021205831741306583,0.01820117819436711,0.02717210902562997
299,0.00012320044923172076,0.035043151747868755,0.010098016153279248,0.037702823779064774
300,9.799817226673478e-5,0.03010243094811077,0.03554682290502646,0.028206355819893524
301,0.00012144834676686497,0.03273944519267021,0.03536149705602929,0.016396384007618767
302,0.00017395583434593904,0.024417030266184497,0.028871456345423513,0.03500836209575161
303,0.00015017387410816205,0.023289150879499947,0.026650731835311452,0.02842225918702011
304,8.461440353734398e-5,0.01887807920055249,0.029498814214567706,0.030524806506812885
305,0.00010607114799550097,0.01487274065772838,0.02570933982193356,0.03629028950830912
306,0.00022987931651708148,0.009924647920803237,0.03415096456219959,0.039733955077208984
307,0.00019168557182385406,0.018661818916696393,0.038247515508189396,0.033056465171387
308,6.393007158852059e-5,0.024946681251040725,0.03560651832081493,0.03354091592812721
309,9.477693464376125e-5,0.03792913690136221,0.020302004299169295,0.03335050127208358
310,0.0003087281599961511,0.03034336515164949,0.020494208297900593,0.034864238436092196
311,0.0002201947048037962,0.016859430452337815,0.027643728622778037,0.03926950076319227
312,0.00025165519301868777,0.010147950536923727,0.019482723749888697,0.046815744716856
313,0.0001485757177019496,0.005003122005918624,0.02158932185871346,0.05205710757022977
314,0.00010172580986832654,0.00786855093140672,0.024647322784403073,0.04431792057506673
315,0.0001541609560350562,0.009101327383041733,0.037790913806141586,0.04371389992868575
316,5.088633814191251e-5,0.013815014259559704,0.03053358125195926,0.04207396342037208
317,0.00022895153807265192,0.01074702574037152,0.017579846784117975,0.04141694885300563
318,5.937313059889127e-5,0.005958421029345884,0.013819690358935897,0.0397356123661267
319,0.0001268511590386113,0.009547562566134715,0.009802934055151353,0.03798611720123018
320,0.000198488005860528,0.014865476231223472,0.019011745049745333,0.03747252120184834
321,0.00016066524083920857,0.005554276914561244,0.015024746921999291,0.038456526409428746
322,0.00013491730710365454,0.008539947271883688,0.008244875769051778,0.03303531361591817
323,8.25512588445627e-5,0.0025287783011117976,0.01546519235212822,0.032633558438038786
324,0.0002777314460165242,0.005119129865511515,0.021066982050400893,0.03130134389776649
325,6.002330611033028e-5,0.003131022237995811,0.01129026672522671,0.02896871673621093
326,0.00018142187366000566,0.010021575342124344,0.003551957011193849,0.02464266762297729
327,9.262467259177519e-5,0.00975972003432564,0.02308959273838961,0.01679639750512406
328,0.0001778520755932435,0.01237562852000998,0.008765482566089665,0.020742819620396043
329,5.430667991187932e-5,0.03552008441454079,0.06581558200688659,0.023070480761155136
330,0.00011762469261806843,0.025968589087380547,0.06001166862622499,0.025700612368067536
331,7.518781718766126e-5,0.017820047569097025,0.014479503408564662,0.020801598291203222
332,0.00013375988569118145,0.018002245379893,0.008643467170135548,0.010617515526454823
333,0.0002999017682572663,0.008445354632868092,0.007285813847488184,0.00984271051176482
334,0.00015894139198121263,0.01806319188224315,0.014728852044961377,0.005352187154992119
335,0.00019564116515663815,0.010986253595784697,0.01152730379200668,0.004611323631039019
336,0.00022265326272636802,0.0033478171389290465,0.01679751214077402,0.0035058118856864523
337,0.00013773898301253732,0.002305334847942218,0.013775575259769106,0.005235076452838184
338,0.00016798309529285235,0.010495196004714038,0.004930531780670792,0.00946362860411915
339,0.00010019414956240143,0.014364340458630864,0.00697460897751048,0.00781496975493228
340,5.308454079230159e-5,0.008419455765372924,0.0064504974888206475,0.010291609272963465
341,0.0002409791287329587,0.022024656401829733,0.00037941342977107316,0.015701552371634512
342,9.951422256693826e-5,0.01509472983898552,0.003445003596963766,0.017180928217761657
343,0.0002872754593422805,0.010217681930920059,0.012892319093552965,0.024198065519778017
344,0.00017314471842593798,0.0040173848893180755,0.006711328289083351,0.021357931567999394
345,0.00017678089879647388,0.021928472527949605,0.01254668106529469,0.01928542189552257
346,0.00016282845884111986,0.008551364101207529,0.01139298968582052,0.019798467996826812
347,8.251746065155078e-5,0.0182135195876635,0.015260862959022342,0.02064734342922733
348,8.425196096145734e-5,0.030822396724082823,0.0009699078217533406,0.025146098139418368
349,0.00011573521703739251,0.03209302922976267,0.006547048617311209,0.025599742698189557
350,0.0001635427236140486,0.01947913217479638,0.0028935503338892985,0.029007918207266413
351,0.0002591840639469654,0.001668838159071387,0.010282306117326853,0.029998556950561462
352,0.0002860007253932089,0.019408803557003657,0.011539915868750323,0.029440952434953385
353,0.0001815608576271998,0.001721348145634075,0.01491037044014001,0.030914938789298258
354,0.00013829242885173368,0.007266740474064909,0.013718586113314024,0.030318009821845078
355,0.000223116762036492,0.02247367501572201,0.012972258000855797,0.03124600645744466
356,0.0001422982108721286,0.013851244231591777,0.009610063371590902,0.031092423144758984
357,0.00014620340978057175,0.007837513509720864,0.024365446034229975,0.028132603675191988
358,0.000293041012881617,0.002481998000518285,0.020610113386165946,0.030819644647146115
359,0.00014311604683685687,0.007017233483917128,0.0203866138278841,0.031516561489410955
360,0.00020380971202924747,0.004929489691888544,0.019502393414171003,0.0342044121701812
361,0.0001730412568514778,0.005494382137362451,0.01866381007836913,0.036909381965361775
362,0.00017409675502633284,0.007377557990516164,0.03455706813468244,0.023806379265532716
363,0.000167610784386651,0.0021344787990050084,0.03217353682144251,0.029451617158847986
364,0.00013589022750940522,0.0029862836645746815,0.018846505216743033,0.04740250691273197
365,7.580820233016537e-5,0.00664770743534744,0.030406785838689564,0.02270999746576553
366,0.00020963931396677054,0.01007719936199349,0.02431201541146901,0.028254753026126716
367,0.00017722223940336447,0.010733671925390658,0.026493992878020133,0.02245982823648391
368,0.0002465396690908802,0.006609131522483421,0.026750525438083487,0.023013591381659183
369,0.00016579846501174177,0.017289767512015445,0.019757644258556965,0.02966680887379237
370,0.00019961928716822917,0.016987270518981867,0.015001838733808398,0.034097971802453754
371,0.00022829501412422105,0.02266624085271919,0.015128285295939315,0.0254073871997704
372,0.00025828776901037453,0.018567615805577132,0.018240552809096183,0.021815040356183747
373,0.00019639434730731219,0.012683276693042098,0.022111733528393594,0.005099080996403594
374,0.0001435531551666794,0.013193152310670374,0.0211572307862645,0.013479982634402523
375,0.0002912299813667975,0.003410727073652082,0.02044894759896372,0.02600758012078899
376,0.0001246534094762475,0.005272205669999784,0.01881218014642521,0.0207662208633442
377,0.00012723171548947038,0.008466652171424716,0.020743256894297644,0.010549887963106911
378,0.0002985557483167779,0.005303340341863737,0.022612173134085436,0.003894705964256195
379,6.817160915130142e-5,0.011137064500143755,0.024439572763065295,0.002346296048141725
380,0.00022125827147383874,0.01223801472592506,0.02209959874124865,0.004646600818081687
381,0.0002973016828801311,0.023126543979574518,0.026286160955327553,0.04223428453698968
382,0.00016267114448388712,0.011314389725336485,0.019546473677699232,0.011629375411031324
383,0.0002163797582046411,0.01751713444701627,0.02038119109562839,0.02739079373751175
384,0.00013147519526865903,0.013860599527971588,0.01773754020223635,0.013946767715568709
385,0.00021752706339207224,0.010341015678504071,0.01499476110671178,0.02079976899743685
386,0.00023222768481814858,0.008110365181184454,0.014686359848765181,0.0158281130024118
387,0.00016289768854926004,0.014645976245774359,0.004841604578880338,0.01027053926307238
388,0.00012510582797285532,0.0052451673747344945,0.013632975190206597,0.011408795874222768
389,0.00025619021020935594,0.016925673938301602,0.0035399830945208265,0.016783294086658053
390,0.00018044680774325782,0.007340625578406124,0.004949657032280186,0.007465737694325516
391,6.225528586071889e-5,0.014878779845842701,0.01236107871474357,0.012152207641006578
392,0.0002742469404932192,0.018838381450935193,0.015010092987389435,0.04119341482048104
393,0.00011597340841651599,0.019808665090089963,0.018393172693296374,0.00910140661686856
394,9.743756999685093e-5,0.01882104505553016,0.03097694699425324,0.005431020211256344
395,0.00015933205672724916,0.004501628278478891,0.016806583110980922,0.012255738718565622
