x_chief,y_chief,z_chief,x_deputy1,y_deputy1,z_deputy1,x_deputy2,y_deputy2,z_deputy2,x_deputy3,y_deputy3,z_deputy3
-1295.5845077901831,-929.3740906104719,6793.4116813825085,-171.90532078632964,6857.222886707187,-1281.6490666581126,-4251.965594114758,1619.9636047943025,-5291.008175325754,-2214.9046064858007,-3967.018695794121,-5296.066519714546
-1738.1420397633888,-916.0182705638061,6695.745512912068,-111.1639204180096,6758.79048113959,-1720.1288244583136,-4523.50587637656,1824.2196597445122,-4990.829501926538,-2128.611652448725,-3618.953965627929,-5573.483492449958
-2173.3975030615015,-898.8142182159917,6569.8735536850045,-49.95223609677187,6631.761993453788,-2151.310717973511,-4775.992617541021,2020.7918574372295,-4669.571909274472,-2033.3585895663816,-3255.6556680226845,-5827.375945450805
-2599.5206608638687,-877.8335042322094,6416.32089644027,11.470971141742142,6476.645464694955,-2573.355904975054,-5008.353838182298,2208.8486286928196,-4328.583950460669,-1929.5499881150483,-2878.6588454178795,-6056.6826117534865
-3014.7188087973477,-853.1635421677253,6235.729074122993,72.84550242983728,6294.070255344548,-2984.460979098898,-5219.60180780401,2387.5937383498986,-3969.2989831357672,-1817.6259884415285,-2489.554751566285,-6260.446579771017
-3417.2442997918342,-824.907247963384,6028.853552470546,133.91085454398262,6084.784702452965,-3382.8660001600247,-5408.837489347334,2556.2697820887856,-3593.229249024804,-1698.0603749919246,-2089.984074953551,-6437.819024982971
-3805.401921823519,-793.1826352060058,5796.560749066234,194.40736048524053,5849.653210496903,-3766.862361976262,-5575.254623017906,2714.1615363724254,-3201.959561831913,-1571.3585278080973,-1681.630009214648,-6588.06247878612
-4177.556098752378,-758.1223466133213,5539.824582348323,254.07733107259213,5589.652789176801,-4134.800454717031,-5718.143422078036,2860.599142023552,-2797.140627075409,-1438.055261440518,-1266.2111989010366,-6710.553631861923
-4532.137883279197,-719.8731224452499,5259.722555855939,312.6661914884252,5305.869055233064,-4485.097080514423,-5836.893854653383,2994.961102176609,-2380.482021148368,-1298.7125609208372,-845.4745874857933,-6804.785671006321
-4867.651709984136,-678.5952068365207,4957.431385159823,369.9236068145671,4999.491718896543,-4816.242583210388,-5930.998487494017,3116.67707585458,-1953.7448605905222,-1153.9172240836485,-421.18819305226697,-6870.370149560824
-5182.681875549215,-634.4616933880122,4634.222177451748,425.60459075858444,4671.809578743081,-5126.807655593655,-6000.054869997427,3225.230449233366,-1518.7341960850572,-1004.2784191563843,4.866164229228685,-6907.038392411224
-5475.898712693668,-587.6578117415739,4291.455176620542,479.47059198543155,4324.205051453652,-5415.449790223832,-6043.767439618063,3320.1606677693553,-1077.2911689610194,-850.4251661796834,430.900159906228,-6914.642437025621
-5746.064424139211,-538.3801572889311,3930.5740897771084,531.2905527291647,3958.1482652681475,-5680.91934286257,-6061.948933011605,3401.065313768988,-631.2849708963067,-693.0037505063137,855.1262663522933,-6893.155512245337
-5992.038543137228,-486.8358666210353,3553.1000145429493,580.84193465253,3575.190747757539,-5922.065180546382,-6054.521290835416,3467.6019156529533,-182.60464999382162,-532.6750763796084,1275.7650358901546,-6842.672056588819
-6212.782987783516,-433.24174179959374,3160.6249899106438,627.9117072373488,3176.958739940129,-6137.839889358207,-6021.516047980708,3519.4894770835663,266.8491916277247,-370.11196843273194,1691.0523450430865,-6763.4072777560805
-6407.366677555151,-377.8233270158642,2754.8051970353768,672.2972943143153,2765.146169764421,-6327.30451990763,-5963.074205068019,3556.5097162455804,715.1727621844938,-205.9964288929204,2099.2465791322147,-6655.696254909556
-6574.969682247466,-320.8139416806055,2337.353839831928,713.8074746661697,2341.5073186212703,-6489.632851345111,-5879.445581209798,3578.5080078551096,1160.4674591815403,-41.016858329231965,2498.635736251787,-6519.992585236957
-6714.886875768228,-262.4536744503744,1910.0337386365397,752.2632329533881,1907.8492148920652,-6624.11515736006,-5770.987652242203,3585.394022870204,1600.8482154695264,124.13475204883767,2887.5444292018697,-6356.866576350364
-6826.531070043637,-202.9883431262785,1474.6496733534602,787.4985575083434,1466.023788658247,-6730.161460008677,-5638.163882761462,3577.1420633381094,2034.4517653778457,288.7656482547102,3264.340763276335,-6167.00298631457
-6909.43560757149,-142.668425749502,1033.0405153512245,819.3611818161862,1017.9198216666991,-6807.304259366136,-5481.54156427919,3553.7910922846927,2459.4447849953813,452.185152881618,3627.443066944281,-5951.198313588227
-6963.256394868785,-81.74796855210653,587.0711898211817,847.71326674472,565.4547265429135,-6855.200728899261,-5301.789175551795,3515.4444609773504,2874.0318623586772,613.7075068170682,3975.3264514868815,-5710.357639953499
-6987.773363137263,-20.48347669188017,138.62451228787702,872.4320208001811,110.5661891435358,-6873.634368129698,-5099.673284565423,3462.2693382221605,3276.463255537789,772.6547036452773,4306.5291746287485,-5445.491030639099
-6982.8913468312185,40.867206101726836,-310.4070555914895,893.4102558726036,-344.7962920919598,-6862.516105641118,-4876.055014703915,3394.4958485409757,3665.042399317884,928.3593064925279,4619.658782208034,-5157.709497327984
-6948.640375367825,102.04602272331557,-758.1296849272595,910.55687609751,-798.6799358401194,-6821.884846830225,-4631.88610023994,3312.415928071704,4038.13312428227,1080.1672364805272,4913.398001039471,-4848.220531587875
-6885.175377875018,162.7958264431859,-1202.6564469126395,923.7972976064862,-1249.1372424412573,-6751.907462075469,-4368.204558430156,3216.3819088089485,4394.166555522058,1227.4405213778853,5186.5103554147845,-4518.323218457345
-6792.775305525821,222.86149697386247,-1642.1155226067426,933.0737970762378,-1694.234558662848,-6652.878212273144,-4086.1300071403743,3106.8048433241015,4731.647661834268,1369.5599925099202,5437.845479226706,-4169.40294243304
-6671.84168056115,281.99104273710384,-2074.6583101770766,938.3457871238802,-2132.0606074338443,-6525.217610044813,-3786.858658069559,2984.1525833542846,5049.161430025185,1505.9279175318009,5666.344095560093,-3802.925700890664
-6522.896585459152,339.9366834221518,-2498.467386108465,939.5900167462189,-2560.7349465352113,-6369.470716428777,-3471.6580162907644,2848.947626617866,5345.378642710473,1635.9705563176733,5871.042635820808,-3420.4320429760537
-6346.580109778043,396.45590720386315,-2911.7642789342663,936.8006951735575,-2978.4163193448057,-6186.304874600454,-3141.8613170077033,2701.764746899849,5619.061241702466,1759.140626994226,6051.077471112337,-3023.5306551543504
-6143.647275900814,451.3124973321647,-3312.817016570834,929.9895377144851,-3383.3108597899404,-5976.506884180492,-2798.8617301765103,2543.2284228618555,5869.067262609433,1874.919669072888,6205.688729650562,-2613.891617827782
-5914.964468175709,504.2775232024164,-3699.9474112669336,919.1857324163278,-3773.68011273322,-5740.979622027618,-2444.1063630153435,2374.01008118619,6094.355329562725,1982.8202907276748,6334.22367554283,-2193.239360642849
-5661.505392721845,555.1302914587355,-4071.5380494355572,904.4358266638345,-4147.848830192459,-5480.738118099841,-2079.0900894822344,2194.825169587274,6293.988701968897,2082.388287537691,6436.139626247354,-1763.3453472201725
-5384.346597416451,603.6592531570922,-4426.038957127647,885.8035331911792,-4504.212503166115,-5196.905098005585,-1705.3492346146181,2006.4300749491265,6467.138867803862,2173.204620470864,6511.006388456678,-1326.0205229695478
-5084.662583277543,649.6628635093414,-4761.973915542696,863.3694553917389,-4841.244588495582,-4890.706007236517,-1324.4551402680945,1809.618901412837,6613.088680189556,2254.887241529225,6558.5081949833975,-883.1075623170168
-4763.720539599227,692.9503912304484,-5077.946404655554,837.2307322755431,-5157.503390234991,-4563.46353573484,-938.007637345247,1605.2201226854138,6731.235035802595,2327.0927563006503,6578.445128422513,-436.4729539943662
-4422.874735799598,733.3426750063556,-5372.645156679439,807.5006039419187,-5451.638555498941,-4216.591665337726,-547.6284481450307,1394.0931222155461,6821.091095059333,2389.5179136563365,6570.734020865899,12.001035042284173
-4063.5606030327,770.672825077274,-5644.849304594398,774.3078989977686,-5722.397145786583,-3851.58926667954,-154.9545410626972,1177.1246342278737,6882.288045019516,2441.900913981091,6535.4088226828235,460.42447504475405
-3687.288538241458,804.7868683797501,-5893.433114268478,737.7964459504336,-5968.62924638647,-3470.0332762233325,238.36854140382988,955.2250979690812,6914.576406585507,2484.0225286034424,6472.620437281167,906.9079252877648
-3295.637462545707,835.5443361011885,-6117.370291716143,698.1244112261274,-6189.293078680383,-3073.571488130206,630.6933614753659,729.3249369373688,6917.826887893964,2515.707024479381,6382.636022745838,1349.5705788834762
-2890.2481647380973,862.8187928648206,-6315.737859718232,655.4635670965217,-6383.459582992376,-2663.9149995462612,1020.3772527350909,500.370774377731,6892.030785862765,2536.822889648576,6265.837765230507,1786.5483573431607
-2472.8164592783887,886.498307075624,-6487.719600327688,609.9984934219359,-6550.316443055284,-2242.830351478558,1405.7889561861323,269.321595959166,6837.29993773851,2547.283356494324,6122.721132872232,2216.001912306504
-2045.0861866170128,906.4858622147166,-6632.609061678515,561.9257177238311,-6689.171527150592,-1812.1314106343532,1785.31520763059,37.144870329389725,6753.866224266153,2547.0467213659995,5953.892622725037,2636.1244930550884
-1608.8420820276588,922.6997090698535,-6749.81212899174,511.4527986660545,-6799.455725457592,-1373.671040311241,2157.3672583078046,-195.18736181722113,6642.080625852752,2536.1164606330844,5760.0670166922555,3045.149640111687
-1165.9025374713838,935.0736590336231,-6838.849160737289,458.79735853834836,-6880.7251680423415,-929.3326105621876,2520.3873104854692,-426.70241941549057,6502.411832902573,2514.5411447012207,5542.064165610953,3441.358667353032
-718.1122794329037,943.5573186917261,-6899.356691586847,404.1860707831753,-6932.6628131289635,-481.02139934800834,2872.8548492036007,-656.4309224341449,6335.444411437689,2482.414152903621,5300.805323447104,3823.087897570469
-267.3349842382421,948.1162659663465,-6931.08870411644,347.8536089759429,-6955.079400714897,-30.65593717944331,3213.2928506664825,-883.4107315684993,6141.876525257417,2439.8731934586062,5037.309055951958,4188.735619229807
184.5541488526897,948.7321680808542,-6933.9174712389195,290.041563949581,-6947.913772099734,419.8406521881151,3540.2738469109704,-1106.6908742194107,5922.517216292334,2387.0996338330547,4752.686750075768,4536.7687352305875
635.6758474308053,945.4028415802852,-6907.833971126792,230.99733594016664,-6911.232561372309,868.5492631192068,3852.425825409618,-1325.3354440870426,5678.283245523289,2324.3176478535306,4448.1377519172,4865.72907766237
1084.154219887757,938.1422545867484,-6852.947875995098,170.9730087168289,-6845.2292702216755,1313.5633210299045,4148.437941259471,-1538.4274609616289,5410.195497897858,2251.793186748386,4124.9441620023745,5174.239365815945
1528.1241951191182,926.9804714004861,-6769.4871156282425,110.22421264543203,-6750.222742488807,1752.997148473796,4427.066018631631,-1745.072676507453,5119.374956105934,2169.832781977365,3784.465317249071,5461.008787945725
1965.7389295239047,911.9635394865597,-6657.797016032987,49.00898352344266,-6626.655059550499,2184.9941386766645,4687.137817283781,-1944.4033110510252,4807.038249876197,2078.782188208125,3428.131989105893,5724.838190414694
2395.1771624597336,893.1533188248654,-6518.33901316139,-12.413376182299515,-6475.08888183134,2607.7346940743087,4927.558039237162,-2135.5817056419783,4474.492789613513,1979.0248751354413,3057.440327103424,5964.624860810637
2814.6505006124294,870.6272535578061,-6351.688941348596,-73.78342735508932,-6296.204265395201,3019.4438911326442,5147.3130502562835,-2317.8038729976247,4123.131495685298,1870.980377018184,2673.945576467079,6179.366894336511
3222.4106107585535,844.4780858551017,-6158.534896021279,-134.84270953376696,-6090.79498561396,3418.398836818781,5345.475290602379,-2490.3029304099628,3754.427137439421,1755.1025088462554,2279.2555975814957,6368.167135194923
3616.7562991893496,814.8135119373572,-5939.67467041518,-195.33483596606303,-5859.76440230664,3802.935686438945,5521.2073497097335,-2652.352397324658,3369.9262990406523,1631.8774579641363,1875.024214034089,6530.236686766538
3996.0404546866957,781.755780266142,-5696.012766545492,-255.00656335722869,-5604.120902465218,4171.456297052855,5673.765679996151,-2803.269340128028,2971.2429923794866,1501.8217597929731,1462.944414775507,6664.897986099408
4358.676830466635,745.4412320237044,-5428.556981539954,-313.6088317844904,-5324.972957732382,4522.43449520336,5802.503925991178,-2942.4173467275095,2560.0519405599125,1365.4801660359253,1044.7414346942403,6771.587439571538
4703.146639011423,706.0197841733827,-5138.414571695446,-370.89777079435385,-5023.523834188963,4854.42194215699,5906.875846361053,-3069.2093138038613,2138.081558729012,1223.4234134503058,622.1657366874621,6849.8576175691705
5028.004932277843,663.6543556134967,-4826.787998263238,-426.63566825494627,-4701.065991780032,5166.053584134409,5986.437808226688,-3183.11003016226,1707.1066621856562,1076.2459009544457,196.98591719243117,6899.379006661282
5331.886738479738,618.5202372121398,-4494.970260998858,-480.59189908521205,-4358.975209910375,5456.0526790279255,6040.850835395152,-3283.6385404193197,1268.940934712471,924.5632825363591,-229.01844381236083,6919.941318084509
5613.5129255760285,570.8044068348185,-4144.33982790749,-532.543811513468,-3998.704474437477,5723.235394776168,6069.882194727689,-3370.3702743304325,825.4291928319693,769.0099831728975,-654.0639680639498,6911.454351433564
5871.695760826516,520.7047908462737,-3776.3551723373484,-582.277569017361,-3621.777659560384,5966.514977827967,6073.406507807026,-3442.938928375109,378.43948411732157,610.236644777241,-1076.370679731864,6873.948412343277
6105.3441353732505,468.4294739751662,-3392.548931570967,-629.5889465549559,-3229.7830360309986,6184.905492927162,6051.406378291318,-3501.038087757783,-70.14494027789496,448.907509090703,-1494.1692019798757,6807.574282721369
6313.468422822002,414.1958598670719,-2994.5217042745408,-674.2840801035477,-2824.366634791922,6377.5251377528275,6003.972528789639,-3544.4225787212763,-518.433737126359,285.6977444387077,-1905.707929631972,6712.60274182412
6495.184941280423,358.22978510751614,-2583.935507515777,-716.1801688718459,-2407.225492665793,6543.5991377368255,5931.303444695012,-3572.909542976846,-964.5376238439757,121.2907233919209,-2309.260157770109,6589.423636240717
6649.7199892873805,300.76458996163063,-2162.506917470584,-755.1061298374884,-1980.1008041791852,6682.462227650393,5833.704526091174,-3586.379228090435,-1406.5765290392787,-43.62474138256384,-2703.1311453695316,6438.544496746617
6776.413427556798,242.0401495388392,-1731.999921323234,-790.9032044825952,-1544.7710010908631,6793.560727317366,5711.586752531081,-3584.7754897871655,-1842.687697511043,-208.35719542897652,-3085.665092097972,6260.5887000779885
6874.721780458481,182.30186953786796,-1294.2185111360313,-823.4255177546282,-1103.0447787955068,6876.454219101886,5565.464869091321,-3568.106004300686,-2271.0337068488116,-372.2153668371557,-3455.2520052145733,6056.293174037172
6944.220833651262,121.7996511475405,-850.9990535366627,-852.5405893695644,-656.754086568502,6930.816834674683,5395.955105561695,-3536.4421910547194,-2689.810353859269,-534.5110078872564,-3810.3344321622785,5826.505645022293
6984.607707238156,60.7868300609692,-404.20247186164113,-878.1297976026957,-207.74709667409002,6956.43815803771,5203.772443863352,-3489.9188480757443,-3097.2543706076817,-694.5617446213794,-4149.414033023477,5572.1814281284915
6995.702387182065,-0.4809051055110831,44.29372017347848,-900.0887956844018,242.1188342639141,6953.223750945204,4989.727451738554,-3428.7335045545215,-3491.6509318823532,-851.6939242311851,-4471.057965580589,5294.379761425199
6977.44870144395,-61.74660942117938,492.6034921990866,-918.3278808407549,690.9841994868601,6921.19530577109,4754.722703367017,-3353.145496860054,-3871.3409183030694,-1005.2454493908302,-4773.905054373278,4994.259687887755
6929.91473131134,-122.75318749911797,938.8404357068092,-932.7723158999398,1136.9943606385034,6860.490429614513,4499.7488097948435,-3263.4747760270016,-4234.727902032721,-1154.568587903447,-5056.671713956212,4673.075490749917
6853.292652593219,-183.24450268543487,1381.1259237459558,-943.3626032344185,1578.3065397740297,6771.362062086878,4225.880083882407,-3160.1004562570242,-4580.28482503742,-1299.0327452996366,-5318.157595617794,4332.171690725695
6747.8980056800665,-242.96648359611322,1817.5972477377418,-950.0547106355858,2013.0967740209978,6654.177527865779,3934.2698658704408,-3043.459115273367,-4906.560342991357,-1438.027187361614,-5557.250926198356,3972.9776165866015
6614.168397814318,-301.66822202944905,2246.4156874511445,-952.8202485329031,2439.5668216810222,6509.417223813117,3626.145536626507,-2914.0428584311567,-5212.184811152752,-1570.9636989795558,-5772.933507414916,3597.0015639198905
6452.661645194937,-359.10305636926813,2665.7744708481778,-951.646597783963,2855.9510077800087,6337.6729393123915,3302.8032461785806,-2772.397159306684,-5495.875891760789,-1697.2791653084253,-5964.285344316777,3205.8245604660488
6264.053366660842,-415.0296347544005,3073.9065817058936,-946.5369870863407,3260.522995939012,6139.645807554442,2965.602385293759,-2619.1184900688218,-5756.443765638585,-1816.4380609119687,-6130.488872206861,2801.093760159034
6049.134044577701,-469.2129525183049,3469.092374620956,-937.5105189067896,3651.602471993601,5916.143884854929,2615.959827656014,-2454.851755284715,-5992.795933658056,-1927.9348324794614,-6270.83275259693,2384.5154917805457
5808.805572115301,-521.4253586923725,3849.666959149102,-924.6021426980661,4027.561723093269,5668.079354775088,2255.343969686395,-2280.287542947588,-6203.941596462434,-2031.2961607987002,-6384.715210533678,1957.8479918936102
5544.0773092838,-571.4475267086767,4214.027317362684,-907.8625740872432,4386.832094128642,5396.4653538839275,1885.268594290429,-2096.1592064619817,-6388.995603296296,-2126.0830879784135,-6471.646887932329,1522.893855341848
5256.061672844859,-619.069384822723,4560.63912195072,-887.3581586795009,4727.910301334324,5102.412416477493,1507.2865838759146,-1903.2397911120245,-6547.181962919841,-2211.8929964409135,-6531.253190362711,1081.4922399905493
4945.969287491564,-664.091002192957,4888.043225055759,-863.1706791344174,5049.364580875216,4787.124536479575,1122.9835069295077,-1702.3388182075334,-6677.836911357893,-2288.361426950934,-6563.276108010676,635.5108654498403
4615.103727478678,-706.3234269896534,5194.861791253923,-835.3971042425882,5349.8406482229,4451.8948460954625,733.9711013436654,-1494.2989396903602,-6780.411532644904,-2355.1637239018182,-6567.575495230227,186.83784817208542
4264.8558791789865,-745.5894733493022,5479.8040513507285,-804.1492788621663,5628.067442245308,4098.100912570189,341.8806766166208,-1279.992475530848,-6854.473929781879,-2412.0164972315574,-6544.129797139796,-262.6265825207659
3896.6979558557214,-781.7244544299775,5741.671656899415,-769.5535537690831,5882.862626245425,3727.199656596127,-51.64354392716871,-1060.3178457931162,-6899.710943842905,-2458.678891668365,-6493.036216018977,-710.9784413115145
3512.177196305443,-814.5768592473034,5979.36361846938,-731.7503547309261,6113.137816767081,3340.721898489833,-444.95112057140364,-836.1959088381036,-6915.92941959617,-2494.953655482714,-6414.51031473971,-1156.3183694805364
3112.9092789853157,-844.0089713695345,6191.880813626974,-690.8936904304936,6317.903509906382,2940.2665411707558,-836.39211459335,-608.5662168015896,-6903.0570161893975,-2520.6880025195474,-6308.885059022511,-1596.759995646483
2700.5714828516443,-869.8974279154428,6378.330053277356,-647.1505992369406,6496.273674186666,2527.4944021694755,-1224.3238062777523,-378.38319926259305,-6861.142561456101,-2535.7742629663903,-6176.6093048448765,-2030.438227335325
2276.8956254717664,-892.1337176234887,6537.927697405945,-600.7005352444278,6647.469978823921,2104.121710305737,-1607.1173943539281,-146.6122859311878,-6790.355948299759,-2540.15032004369,-6018.245741747449,-2455.517426940035
1843.6608081054412,-910.6246170405643,6670.002813318185,-551.7346944629669,6770.82562646846,1671.913286233278,-1983.1646574938502,85.7740207480091,-6690.9875714861155,-2533.79983154473,-5834.468306989319,-2870.1994271194
1402.6859964657774,-925.29256411114,6773.9998711904045,-500.4552825449597,6865.788760284284,1232.6754296698407,-2350.884558083101,317.8001119497876,-6563.447303100227,-2516.752236865968,-5626.059089410006,-3272.7313427309596
955.8224648451896,-936.0759686329577,6849.480973113401,-447.07472595376015,6931.925416533958,788.2485397329979,-2708.729767801705,548.491266257799,-6408.26300498408,-2489.082551817929,-5393.904745385001,-3661.413138939747
504.94613030797683,-942.929459185885,6896.127612851898,-391.8148290165299,6968.921995672776,340.49949829981944,-3055.1930936623226,776.8776588160987,-6226.078576737542,-2450.910955057745,-5138.992452349986,-4034.604918117256
51.949802780414466,-945.8240662407553,6913.741964291287,-334.90587984108976,6976.587227306361,-108.68615038414084,-3388.8137820966203,1001.9983730782161,-6017.651538407142,-2402.4021714067953,-4862.4054279665825,-4390.733891458561
-401.26462382511073,-944.7473412215693,6902.247697046707,-276.58570860347254,6954.853607200102,-557.4121875854917,-3708.18367751536,1222.9054015833324,-5783.8501478593935,-2343.764658585095,-4565.318045076615,-4728.301004806282
-852.7940147829925,-939.703411335579,6861.690318029343,-217.09870221754693,6903.7782878027165,-1003.7798365047779,-4011.953210561496,1438.6676213008247,-5525.650054080503,-2275.2496049882643,-4248.990574127098,-5045.887191879835
-1300.7418475605464,-930.7129700110954,6792.237037971154,-156.6947798689023,6823.543407402308,-1445.8959660194703,-4298.8371901019145,1648.3747281519138,-5244.130489288637,-2197.1497470394943,-3914.7635857465866,-5342.159231867766
-1743.2260501173303,-917.8132028027502,6694.17616207817,-95.62833432141808,6714.4558470022475,-1881.8813387302223,-4567.6203719393725,1851.1411143832495,-4940.4700047979,-2109.7980153609565,-3564.052046635105,-5615.875192052912
-2178.3867995983296,-901.0576486491767,6567.916004193062,-34.15714427700798,6576.946408207457,-2309.8788590123577,-4817.162776348516,2046.1096715776498,-4615.94175802597,-2013.5660195266332,-3198.3391419307122,-5865.889439713679
-2604.3942558958056,-880.5159964092693,6413.983324177051,27.45873662119358,6411.568409762945,-2728.061776042429,-5046.4047259224135,2232.4555012885526,-4271.90836086347,-1908.8623814880875,-2819.169856787063,-6091.157210898055
-3019.45620369542,-856.2738166702698,6233.021288742145,88.95810831074746,6218.995704795344,-3134.641796599769,-5254.371574926408,2409.389514622906,-3909.8163027786427,-1796.130927919419,-2428.144349101736,-6290.738726730555
-3421.825575578958,-828.4322289227448,6025.786956741003,150.0797643571434,6000.020125182832,-3527.877062832741,-5440.178101452807,2576.1619016153204,-3531.189965455984,-1675.8487517261692,-2026.9111442483418,-6463.802850631049
-3809.8078275912535,-797.1075043412914,5793.148291005964,210.56363743312045,5755.548363728934,-3906.07995110967,-5603.03253420007,2732.065450973046,-3137.625249388627,-1548.5241528289714,-1617.1601813670484,-6609.630282159874
-4181.768137466465,-762.4306046008547,5536.080700258989,270.1519441179638,5486.598308856906,-4267.624649509588,-5742.240186697229,2876.4387007593973,-2730.7828365765486,-1414.694468093709,-1200.615739342306,-6727.61628513471
-4536.138394529951,-724.5466573999753,5255.663116412593,328.59032295768577,5194.294850297119,-4610.954473397189,-5857.2066732766625,3008.668900847799,-2312.3811172330547,-1274.923799966017,-779.029269127435,-6817.272949188793
-4871.423949232034,-683.614369654825,4953.073614752444,385.62895984697366,4879.865177645718,-4934.588880805815,-5947.440683068464,3128.194768536579,-1884.188812072547,-1129.8006530106552,-354.1721576443061,-6878.230985071872
-5186.210089414755,-639.8053796698051,4629.584587021919,441.02369497370216,4544.633596678378,-5237.130151947108,-6012.556290733559,3234.509019573496,-1448.0173252440552,-979.9354871871925,72.17155283311824,-6910.241054766966
-5479.168209844553,-593.3035499776046,4286.557480285928,494.5371057978562,4190.015890874389,-5517.269699993842,-6052.274785540366,3327.160657996719,-1005.7128661904661,-825.9581963428611,498.21246704530205,-6913.174637954289
-5749.061641338067,-544.3042029675087,3925.437117587799,545.9395608086932,3817.513257727396,-5773.793983257162,-6066.426003675889,3405.7570096439167,-559.1483815616816,-668.5155200992014,922.163139010943,-6887.024436558632
-5994.751106029865,-493.01330187687034,3547.745619765914,595.0102391057384,3428.705851092548,-6005.589991914481,-6054.949152307855,3469.9654858921795,-110.21534070905054,-508.26839707531514,1342.245352980711,-6831.9043191380115
-6215.199766031644,-439.64658019678785,3155.075951290344,641.5381111692261,3025.24596206608,-6211.650285457272,-6017.893117808939,3519.515066138926,339.18457983153934,-345.8892672466947,1756.6973622281675,-6748.048806786363
-6409.477833948499,-384.4286230275463,2749.0851165285385,685.3228765124687,2608.8508717504787,-6391.07755994448,-5955.4162546372545,3554.1974896803617,787.147866154911,-182.05933119875345,2163.781064882317,-6635.812102111904
-6576.766715468356,-327.59190439976936,2331.48703636126,726.1758542317156,2181.2954097789884,-6543.088726904309,-5867.78565555229,3573.868149945479,1231.7775436946856,-17.465774106488855,2561.7890957758495,-6495.666662795714
-6716.362656526378,-269.3757850405515,1904.0451384504438,763.9208227789893,1744.4042527222914,-6667.018488276796,-5755.375908041832,3578.446686451243,1671.191513360043,147.20103754197658,2949.0518127907358,-6328.201321308879
-6827.67987034971,-210.02547549719986,1468.5646976151934,798.3948055725706,1300.0439965508515,-6762.322394101006,-5618.667345952051,3567.9172723062507,2103.530800214176,311.25037816428335,3323.9441554685727,-6134.118952641056
-6910.253122973685,-149.79096992227002,1026.8849656104708,829.4487993228722,850.1150372560559,-6828.579371711929,-5458.243809261332,3542.3285975522795,2526.9676690037377,473.993995536293,3684.8923527697475,-5914.233692428403
-6963.739759536659,-88.92595616096648,580.8711320425517,856.9484421855169,396.54329361873727,-6865.493717030831,-5274.789928635438,3501.793551042233,2939.7135626289914,634.7489442908416,4030.380455876223,-5669.467708712237
-6987.921157739625,-27.68670805578238,132.40616012378865,880.7746190582742,-58.728193973257675,-6872.896540134934,-5069.0879547725835,3446.488605858063,3340.0268219571612,792.8404107346489,4358.956670908363,-5400.847531744531
-6982.703599219015,33.66903391470442,-316.6174575923206,900.8240015166034,-513.7477547539584,-6850.7466587217095,-4842.0141555281025,3376.652915425837,3726.2201481597385,947.6045186767025,4669.239465441956,-5109.499947799939
-6948.118554137093,94.88318742175785,-764.3059774900753,917.0095200388578,-966.5636348089535,-6799.130934397492,-4594.534806348571,3292.5871294455023,4096.667771918886,1098.3911053728916,4959.923421844371,-4796.6474648572985
-6884.322378947682,155.69845221346895,-1208.7726709149163,929.2607663139789,-1415.2325659490723,-6718.2640479885995,-4327.701801608315,3194.6519404850064,4449.812297309312,1244.5664561225967,5229.784809773498,-4463.603360260724
-6791.595431945997,215.8594269396641,-1648.1460320176864,937.5243235607841,-1857.8283213778477,-6608.487711371079,-4042.6479160063177,3083.2663735653855,4784.171191824408,1385.515985533377,5477.686849770227,-4111.766323029967
-6670.340615760386,275.1137127541653,-2080.5778824438944,941.764022929009,-2292.450222635031,-6470.269314719701,-3740.5817462443238,2958.9058322669725,5098.342897780134,1520.646853029292,5702.584639787193,-3742.6147063150247
-6521.081360294426,333.2129977750115,-2504.2513294149344,941.9611242090378,-2717.2315614857393,-6304.20000966176,-3422.7823637788956,2822.0999158082936,5391.012544098661,1649.3904998444043,5903.529716786016,-3357.7004085218155
-6344.459063690346,389.9141167573491,-2917.3885358036964,938.1144192605525,-3130.347899515253,-6110.992230652167,-3090.5937095485233,2673.4300221891854,5660.95724115159,1771.205094540423,6079.674226242707,-2958.6424048037074
-6141.230012578933,444.980080672979,-3318.258263337428,930.2402567902324,-3530.0252072486014,-5891.476659015889,-2745.418761262821,2513.526752858216,5907.050944842313,1885.577874037328,6230.274673552708,-2547.119953839671
-5912.261806138735,498.18107128548843,-3705.183152995577,918.3724873737796,-3914.547803721129,-5646.598636568201,-2388.7135031582216,2343.067134480491,6128.268879351762,1992.0273672644855,6354.695232935265,-2124.86550802003
-5658.529311254603,549.2953962495362,-4076.5467099286348,902.5623279345048,-4282.266056670039,-5377.414038538634,-2021.9807271373354,2162.771673272142,6323.691510897278,2090.1054888385006,6452.41059149773,-1693.6573582495853
-5381.110178304383,598.110400735195,-4430.799963717269,882.8781452635942,-4631.603802990898,-5085.084618685816,-1646.763692988996,1973.4012570657405,6492.508067411599,2179.399490658305,6523.008308615353,-1255.3120474702046
-5081.179948791552,644.4233320706245,-4766.467778426154,859.4051585971835,-4961.065448900229,-4770.872842970108,-1264.6396740093571,1775.7539198155407,6634.019601205645,2259.5337599774857,6566.190673677686,-811.6765896198173
-4760.006787177134,688.0421543959,-5082.154790589565,832.2450617506473,-5269.2427094527275,-4436.136231899659,-877.2134128894692,1570.6614826854477,6747.641593419905,2330.1714533624013,6581.776048502045,-364.62053300773465
-4418.945869859589,728.7863108149149,-5376.550956903427,801.515565846131,-5554.82094775576,-4082.3212356141566,-486.1105112783709,1358.9860852307002,6832.906100397734,2391.015956960345,6569.699684258649,83.97209106771142
-4059.4334643363395,766.4874310089409,-5648.436696903565,767.3498642473843,-5816.5850754660105,-3710.9566698324215,-92.97077504545858,1141.6166195313676,6889.46344304983,2441.8121646678037,6530.014006522451,532.2108922575907
-3682.9807312003513,800.989982723727,-5896.687619202659,729.8960219258503,-6053.424977985813,-3323.6467448654043,300.55846398288537,919.4650795052555,6917.083440858774,2482.3475670828357,6462.888365986721,978.2072745902384
-3291.1672808379076,832.1518659524295,-6120.278822869706,689.3162921108989,-6264.340430221047,-2922.0637238758295,692.8290300939101,693.4628370598097,6915.656192446421,2512.4531455220144,6368.608256361756,1420.082575993068
-2885.6345155689487,859.8449490013772,-6318.288768208838,645.7863637105471,-6448.4454718164325,-2507.9402503367583,1082.198570668006,464.5568562723164,6885.192404657601,2532.00406685226,6247.574004954879,1855.976150730048
-2468.078786587021,883.9555459388228,-6489.902713487374,599.4945436114231,-6604.9722144221105,-2083.0613880912856,1467.0371897218195,233.7058564441362,6825.823271972959,2540.920176400208,6100.298945301397,2284.0533523339345
-2040.2443934953455,904.384835184687,-6634.415716049047,550.640878562073,-6733.274057719434,-1649.256420438068,1845.734029939334,1.8764346795889724,6737.7999078296325,2539.1662877242534,5927.4070849104655,2702.513375888387
-1603.9164525848496,921.0492192003494,-6751.235197717616,499.4362218962724,-6832.8282955743825,-1208.3904571664493,2216.7037851000114,-229.96084139299717,6621.49232918175,2526.7522695348493,5729.630284629985,3109.596920273305
-1160.9136583443112,933.880625382504,-6839.883075454644,446.10125084796255,-6903.238098706451,-762.3559003591394,2578.3931245262033,-460.8353600066416,6477.38799545338,2503.7329314957506,5507.804969254675,3503.593633177083
-713.0809611136652,942.8267483568734,-6899.9974589051435,390.86544063350453,-6944.233865556543,-313.06382100623244,2929.287010640785,-689.7803996987952,6306.089903000923,2470.2077120033764,5262.868391745281,3882.849304239902
-262.28218236370316,947.8512339111073,-6931.33391678316,333.96600181887857,-6955.673938495945,137.5647010113623,3267.9148899904426,-915.8370603150565,6108.314236379094,2426.3201722971853,4995.854475750916,4245.772774550785
189.60741212568385,948.9338048082043,-6933.766314066257,275.64678774047246,-6937.54468801989,587.6072212294899,3592.8567372013367,-1138.0581784969136,5884.887578153779,2372.25730237845,4707.889263000738,4590.842533798712
640.7085618572053,946.070328690615,-6907.287221744745,216.15717890218465,-6889.959972991721,1035.1485078096614,3902.748930351979,-1355.512214893399,5636.743679773171,2308.248645190387,4400.185993540167,4916.612979590644
1089.1454652763725,939.2728282302917,-6852.007900478347,155.75095132564664,-6813.159990227862,1478.2890019175898,4196.289935239362,-1567.2870995820763,5364.919797128361,2234.5652463266574,4074.039847730246,5221.720316711134
1533.0532190930467,928.5694336117078,-6768.157859026128,94.6851357843967,-6707.509531627208,1915.1531138610887,4472.245775048865,-1772.4940213969155,5070.552595923329,2151.5184371808173,3730.822379421244,5504.888077324894
1970.5852248062643,914.004277364066,-6656.083987813797,33.21887470970323,-6573.495671549082,2343.8973104986417,4729.4552610869705,-1970.2711460800153,4754.873633832959,2059.458459925294,3371.9756697822045,5764.932246234771
2399.920543584758,895.6373314963544,-6516.249267565389,-28.38771667887632,-6411.724911143485,2762.717952871809,4966.834959567543,-2159.7872474428596,4419.204428641226,1958.7729430194954,2999.006230959209,6000.765978229889
2819.2711799496997,873.5441868450495,-6349.231052629723,-89.87467878301538,-6222.919809764127,3169.858846883769,5183.383869021497,-2340.2452350827693,4064.9511240890324,1849.8852361030947,2613.4786881006967,6211.403897228438
3226.889273721023,847.815774528738,-6155.71892854639,-150.98331973085453,-6007.9151363953515,3563.618474039886,5378.187782783573,-2510.8855616915043,3693.598767976871,1733.2526131479024,2217.009267391921,6395.965969285027
3621.0741784745674,818.558029425253,-5936.512143582949,-211.45730578521204,-5767.653576164503,3942.3568736753523,5550.423311246323,-2670.9894926523552,3306.7052201030647,1609.3643526401772,1811.2591166534849,6553.680943555641
4000.1794033760907,785.8914956521571,-5692.516614485364,-271.0437251610024,-5503.1810284776175,4304.502152608373,5699.361539197184,-2819.8822204815447,2905.8947108046814,1478.7397033687541,1397.9274838562387,6683.889356971263
4362.619393780904,749.950874145836,-5424.741507555485,-329.49412089014874,-5215.641534114005,4648.556602665013,5824.371294593809,-2956.935806755485,2492.851074127622,1341.9257441298657,978.7447776637712,6786.046099657446
4706.876124491958,710.8845126015055,-5134.295397426351,-386.5654889227609,-4906.27186876887,4973.102410918161,5924.922006596147,-3081.5719344965705,2069.3106829019453,1199.4951453557399,555.465532909756,6859.722539060842
5031.5054781358995,668.8538382573547,-4822.382007556628,-442.02123820772846,-4576.395840084086,5276.806951670451,6000.5861325580845,-3193.264454578337,1637.0551161523586,1052.0438403604264,129.86130282181554,6904.608201330508
5335.143379827794,624.0327342800476,-4490.2955385026125,-495.63211004016,-4227.418324212523,5558.427653101917,6051.041135969174,-3291.541710559498,1197.9035922467758,900.1886136017837,-296.2865011198506,6920.51200879164
5616.511658230611,576.6068608329206,-4139.415592427012,-547.1770544842299,-3860.81907649097,5816.816435022949,6076.070999997822,-3375.9886274608507,753.7052038958504,744.5646131104595,-721.1938014980378,6907.363072395934
5874.423602349735,526.772922277478,-3771.201705030952,-596.4440621662261,-3478.146348930719,6050.9237172613375,6075.567264277899,-3446.2485513464967,306.33099348770537,585.8227940595372,-1143.0810596864635,6865.211037900396
6107.789183002407,474.7378823663499,-3387.187499097919,-643.2309501737725,-3081.0103450612714,6259.802000823796,6049.5295758473485,-3502.024828140752,-142.33409079237288,424.6273003629786,-1560.18047336153,6794.225984288386
6315.619907923702,420.7181297232335,-2988.974477052824,-687.3461011849847,-2671.076540273737,6442.609026078892,5998.065748626464,-3543.0821118768763,-590.3993161036864,261.6527912130758,-1970.7431469942514,6694.697872681379
6497.033279958435,364.93859636262266,-2578.225473292767,-728.6091552793931,-2250.0588933005088,6598.610513797244,5921.391329444909,-3569.2473944997005,-1035.9763204006617,97.58171960735476,-2373.0462150383714,6567.035543778385
6651.256828772568,307.63183246841766,-2156.6577904581836,-766.8516541465824,-1819.7129719299367,6727.18249596018,5819.828672314913,-3580.4107513925237,-1477.187258773759,-66.89842982160097,-2765.399896764516,6411.76526178194
6777.631688013192,249.03704111419387,-1726.036047198289,-801.9176376065682,-1381.8290135784591,6827.813243828942,5693.805526325809,-3576.5257989267816,-1912.1728973431198,-231.09793597574063,-3146.1544606728703,6229.528802900324
6875.615691852141,189.39907705708418,-1288.1647682559508,-833.6641924879852,-938.2249390113302,6900.104800886281,5543.853146125016,-3557.6098624960764,-2339.100611991949,-394.3276612653218,-3513.707075197174,6021.08108692294
6944.785967348053,128.96741416008817,-844.8807507678287,-861.9619539782653,-490.73933539194263,6943.774127967347,5370.6039373778385,-3523.7438556483266,-2756.1722503766264,-555.9018875945851,-3866.5085210520106,5787.2873511066455
6984.841002022595,67.99508638283125,-398.04524346323427,-886.6955595681205,-41.224423013766994,6958.653867244144,5174.788652794042,-3475.07187302595,-3161.631817292325,-715.1411588898876,-4203.069739144735,5529.119866728925
6995.60216942175,6.737607617913345,50.4640221263388,-907.7640556665427,408.46098141836177,6944.692730783892,4957.233157211054,-3411.8005018210483,-3553.7729455587496,-871.37511996788,-4521.968186551578,5247.654200187996
6977.0146991619795,-54.54812407022436,498.76090733251874,-925.0812568694215,856.4584931987077,6901.95551823965,4718.854782779811,-3334.197858311078,-3930.946117060388,-1023.9453407807592,-4821.853971727338,4944.065022471867
6929.148081971987,-115.60493203221098,944.9590062545452,-938.5760577333108,1300.9171686650643,6830.622766929282,4460.658297468826,-3242.5923577258814,-4291.565601358918,-1172.2081143186833,-5101.455738963654,4619.621473172464
6852.195904452903,-176.17647053085378,1387.179806269532,-948.1926967453699,1740.000484100367,6730.990036196747,4183.731511857037,-3137.371227180722,-4634.116082313611,-1315.537215728981,-5359.586271213692,4275.682087963691
6746.475112605434,-236.00833216374804,1823.5608250679,-953.8909720013369,2171.8932735761623,6603.466826608159,3889.2405505118218,-3018.9787726706836,-4957.158946315119,-1453.3266095612535,-5595.147779837396,3913.6893015532787
6612.424707520849,-294.8491472340594,2252.2636802480342,-955.6464079162657,2594.8086142787056,6448.5751332924865,3578.424815145124,-2887.9144121456884,-5259.338208972901,-1584.99309149942,-5807.136849658583,3535.1635415007063
6450.603880911837,-352.45166917547766,2671.4820481757215,-953.4503721084905,3006.9946469364286,6266.947631667467,3252.5916672215317,-2744.7304874670426,-5539.3860603116555,-1709.9788505267513,-5994.649008019444,3141.6969318970205
6261.689602279888,-408.57384029390215,3079.449470020933,-947.3101414265489,3406.7413177066455,6059.325492963339,2913.110857784773,-2590.0298685886705,-5796.128011646073,-1827.7539372152303,-6156.882887311542,2734.9466296443234
6046.473673394005,-462.97983231334354,3474.446964590261,-937.248915941805,3792.3870263298218,5826.555826430625,2561.408732013124,-2424.463363620189,-6028.487630241671,-1937.8186237591158,-6293.143951782261,2316.627819861969
5805.859269315778,-515.4410564999766,3854.8104097264904,-923.3057796157584,4162.325163581196,5569.588744944244,2198.962235460334,-2248.726948533628,-6235.490850567319,-2039.7056415020504,-6402.847761271738,1888.5064006860055
5540.856988383324,-565.7371384776767,4218.937656583676,-905.5356062790189,4515.010519109334,5289.474050934552,1827.2927481464144,-2063.5588301968146,-6416.26985334959,-2132.9822820491217,-6485.522746920026,1452.391391318881
5252.580436310027,-613.6568532306951,4565.295343932462,-884.0089095359871,4848.965538722804,4987.357540214808,1447.9597716982128,-1869.7363561861391,-6570.066505711148,-2217.2523486151717,-6540.812476772864,1010.127100529892
4942.241371827015,-658.9990162032951,4892.425382724462,-858.811635241306,5162.786408146815,4664.4769223495205,1062.5544936732147,-1668.0727844862834,-6696.235357391709,-2292.157945036748,-6568.477392564894,563.5850958100079
4611.1444430806405,-701.5733268403907,5198.951084359616,-830.0448952855047,5455.148938300808,4322.157357721509,672.6932521027713,-1459.4139257643303,-6794.246189403437,-2357.3810908590185,-6568.396002714307,114.65601596240548
4260.681545284887,-741.2011613555203,5483.582909368696,-797.8246415805614,5724.814225324563,3961.8066133966786,280.0109222324493,-1244.6346704519872,-6863.686112472521,-2412.6451520857813,-6540.565520651492,-334.75872801174796
3892.3258309374264,-777.7163119510348,5745.123816458054,-762.2812793522647,5970.634056981322,3584.9098422303737,-113.84575351769197,-1024.6354124237876,-6904.261213290781,-2457.7160785292485,-6485.101941943792,-782.7553173542223
3507.6254042671285,-810.9656701390676,5982.474194984403,-723.5592191242459,6191.556035763839,3193.0239923712984,-507.2248721438694,-800.3383806605849,-6915.79774698634,-2492.4034401900826,-6402.239558177774,-1227.4359080247377
3108.1967315355832,-840.8098522106459,6194.636366860819,-681.8163671156157,6386.628388089151,2787.7718573499737,-898.4760935563424,-572.683889972377,-6898.242874374822,-2516.5612567060707,-6292.329910122871,-1666.9169836334017
2695.717798423924,-867.1237652656492,6380.718646579588,-637.2235541656416,6555.004428447429,2370.8357802294104,-1285.9573616805483,-342.62652165337795,-6851.664942537683,-2530.0886155952526,-6155.840187226622,-2099.3376316084928
2271.921045067985,-889.7971125415045,6539.938950424635,-589.9639037385712,6695.946647316762,1943.9510287777912,-1668.0416039316028,-111.13124487968817,-6776.25330716582,-2532.9300767492914,-5993.351084884364,-2522.867696359857
1838.586108436314,-908.734837058888,6671.627948003272,-540.232140041657,6808.830392104516,1508.898862220473,-2043.1233896313772,120.83051024725931,-6672.317694983593,-2525.075862367382,-5805.554135091552,-2935.7157647790336
1397.5324007577524,-923.8575028359141,6775.2317509376535,-488.2338378004625,6893.147111349446,1067.499313759973,-2409.6255274696277,352.2848168516379,-6540.287104511507,-2506.5618332222516,-5593.248529939121,-3336.136941549683
950.6115516800453,-935.1016131083155,6850.3141349217585,-434.18461576721165,6948.507133925253,621.6037166328904,-2766.005581398409,582.259241048631,-6380.708243514298,-2477.4692537815117,-5357.337460876282,-3722.440374363497
499.6997408571774,-942.4198651342848,6896.558292388004,-378.30927657906165,6974.641957019645,173.08700491591648,-3110.762283428805,809.7868451702633,-6194.243501788692,-2437.9243502363524,-5098.823999678744,-4092.9964921713063
46.68994679342618,-945.7813412634765,6913.768113773119,-320.8408961219062,6971.4060192020615,-276.16017648516737,-3442.44182072029,1033.9101915875444,-5981.668458537189,-2388.0976668857347,-4818.80654957669,-4446.243922959753
-406.51586292059983,-945.1716360167192,6901.868995874374,-262.0198660796214,6938.7779379023905,-724.239515309617,-3759.643973176011,1253.6853334449088,-5743.86892450465,-2328.2032275631964,-4518.473896985674,-4780.696061136114
-858.0145753100912,-940.5929189644833,6860.908176105734,-202.09289384667483,6876.86119405279,-1169.253188980496,-4061.0280765507487,1468.1857777264356,-5481.837520362973,-2258.4975098563154,-4199.099895732328,-5094.947258328959
-1305.909785189175,-932.0639332176262,6791.054591669323,-141.31196444236866,6785.884250432912,-1609.3120932047652,-4345.318784916665,1676.5064051392626,-5196.669794539606,-2179.2782407431564,-3862.0378165804736,-5387.678615171061
-1748.3196332590228,-919.6199293638019,6692.598262827049,-79.9332694772218,6666.200094332297,-2042.544098519244,-4611.311605292393,1877.7673303712643,-4889.559885804407,-2090.883022949923,-3508.7143952646006,-5657.6633553269885
-2183.384604223241,-903.3125347079289,6565.949199669135,-18.216108576928114,6518.285199420435,-2467.1022900869966,-4857.878176400154,2071.1176854033174,-4561.7957384448255,-1993.687801820479,-3140.6236121652883,-5903.771766571474
-2609.2752593848654,-883.2095577158947,6411.6358321080825,43.57823104062753,6342.737906106742,-2881.173145525179,-5083.971262946527,2255.7393077779166,-4214.753880742114,-1888.1051827891054,-2759.3202362684638,-6124.9756970359
-3024.1998773286637,-859.3947276272064,6230.302963350601,105.18761092034468,6140.276224087802,-3282.9846055863727,-5288.629436591467,2430.8503150909714,-3849.893780664621,-1774.5826096766923,-2366.413165202918,-6320.352597751688
-3426.4119752483716,-831.9673693034225,6022.709247880162,166.35018759658368,5911.735065125843,-3670.813993112243,-5470.981414934228,2595.7085465247806,-3468.7517961561316,-1653.6004140070856,-1963.5585920232659,-6489.089105278547
-3814.2176823140235,-801.0420135222163,5789.724196071321,226.80556256130154,5658.062918291989,-4042.9957368054033,-5630.25003044888,2749.614852015198,-3072.9347410419596,-1525.6697453886948,-1552.4530280799531,-6630.48416047674
-4185.982935263255,-766.7479431171921,5532.324708991686,286.29592984773103,5380.3179838580745,-4397.928857981207,-5765.755802377363,2891.9162096763835,-2664.1130913167704,-1391.330392754668,-1134.8262098784219,-6743.951661347603
-4540.140465223879,-729.2286756042719,5251.591148750166,344.56721517882744,5079.663785659389,-4734.084180509692,-5876.920086150384,3022.008652416176,-2244.0138603218,-1251.1485059332806,-712.4339163600815,-6829.0226493257
-4875.196543718435,-688.6413832273712,4948.702951925031,401.37020076997027,4757.364285017956,-5050.011226570573,-5963.267776955649,3139.339985279413,-1814.4131749668463,-1105.714226660203,-287.0507216184385,-6885.347029476952
-5189.737454950652,-645.1562516975412,4624.933796138542,456.4616300731028,4414.778522167205,-5344.344763542968,-6024.4295465924,3243.4122759614793,-1377.1285886050346,-955.6392377774271,139.53729323238414,-6912.694825774272
-5482.435660910919,-598.9557792866354,4281.646332704947,509.6052869952472,4053.35481352679,-5615.810970251862,-6060.143595708339,3333.7841021364216,-934.0111693297215,-801.554239019714,565.5398464294502,-6910.956973034914
-5752.055625638268,-550.2340183625031,3920.2865014170357,560.5730444075307,3674.624535131629,-5863.233193808332,-6070.256906862275,3410.0725407299196,-486.9374052430461,-644.1063574957469,989.1697584390882,-6880.145647273621
-5997.459265204653,-499.19576190922425,3542.3774468901893,609.1458770700991,3280.1955240312436,-6085.537271324544,-6054.725987532044,3471.9548860148147,-37.80097056442831,-483.956500751103,1408.650230207636,-6820.394136224058
-6217.610990695132,-446.0556780528008,3149.5130593759345,655.1148344219802,2871.745130571623,-6281.75639377751,-6013.617096120102,3519.1700853847788,411.495601763018,-321.7766601723629,1822.2220759585337,-6731.956251685603
-6411.582312680797,-391.03739609840085,2743.351166504027,698.2819690118388,2451.01295519569,-6451.035492166748,-5947.105948117129,3551.519883831568,859.0492941023358,-158.24717246928083,2228.1508897196222,-6615.205285243992
-6578.55597743881,-334.37254806725264,2325.6064059209934,738.461216665319,2019.7933038079623,-6592.6351288026735,-5855.476903779367,3568.86967046844,1302.9649773328533,5.946052937891742,2624.734124489956,-6470.6325088724525
-6717.829607466282,-276.2997701866351,1898.0428121689945,775.4792247884592,1579.9273959125067,-6705.934879032655,-5739.121642867488,3571.1490228573357,1741.3637358298301,170.1143325952152,3010.3080624241866,-6298.845222020688
-6828.8188216441895,-217.06366922222955,1462.46615429756,809.1761254875871,1133.295359726315,-6790.436190936345,-5598.53733609246,3558.3519473579227,2172.391097482426,333.56902541353315,3383.2546536669497,-6100.564347110859
-6911.059813698477,-156.9137589360005,1020.716063532147,839.4062504395847,681.8080483704559,-6845.764712496374,-5434.3243268293745,3530.536816168945,2594.225123312906,495.62435803752925,3742.0082005642735,-5876.621575940606
-6964.2113713254685,-96.10337229338076,574.6579927550264,866.0387846704684,227.39871112448478,-6871.672077489316,-5247.183340311497,3487.826004123529,3005.084313130903,655.6002499455418,4085.0618629784794,-5627.956070388727
-6988.056322430496,-34.88855532086469,126.17505151383514,888.9583565955529,-227.98544633566908,-6868.037142877958,-5037.91224083071,3430.40523057961,3403.2352860498468,812.825128492847,4410.97395940903,-5355.610722059806
-6982.502399292352,26.47305127905539,-322.8402382975745,908.06556184443,-682.3917787521203,-6834.866671868626,-4807.4023603852675,3358.5226138679427,3787.0001975392975,966.6387235301496,4718.374037650082,-5060.7279771050535
-6947.58251602213,87.72333652049781,-770.4942200860537,923.2774185444046,-1133.8707609916714,-6772.295458089141,-4556.634424682367,3272.4874476826053,4154.763857905693,1116.394830642508,5005.96868787299,-4744.545234415671
-6883.454459336946,148.60484325260146,-1214.9003672793037,934.52775187483,-1580.4845561121185,-6680.585887615737,-4286.674104387939,3172.668710488703,4504.980520594428,1261.4640314914097,5272.547070383029,-4408.389827684207
-6790.399997317195,208.86188575839478,-1654.18748921985,941.7675058415423,-2020.3155567017761,-6560.126936907666,-3998.667221000751,3059.4933204535964,4836.180312391792,1401.2363592341487,5516.986129933569,-4053.673604434331
-6668.823415360873,268.24165470726314,-2086.5078332894363,944.9649803659049,-2451.474863686409,-6411.432606172609,-3693.8346377109415,2933.4441495647766,5146.975281377056,1535.1238965692037,5738.255468449035,-3681.887117981634
-6519.249492893736,326.4953035313685,-2510.045039850908,944.1059919478621,-2872.1106659492043,-6235.139789355802,-3373.4668660982825,2795.05781147216,5436.065042234859,1662.563293641187,5935.421848360927,-3294.5934513461784
-6342.320938450213,383.37901056670603,-2923.02190865669,939.1939563575123,-3280.416483186653,-6032.005583882056,-3038.91841956257,2644.922238187379,5702.242002192417,1783.0181928583345,6107.65329953733,-2893.4216953198743
-6138.795304426888,438.65501163525386,-3323.707937908793,930.2498920447484,-3674.6392334973,-5802.904045529564,-2691.6019440008804,2483.6740610989687,5944.396154309143,1895.9815476497495,6254.222804010041,-2480.0601061190346
-5909.54140606017,492.09259813642745,-3710.4266000941293,917.3123432394686,-4053.0870863544583,-5548.8223964065,-2332.9821555096637,2311.9958118404065,6161.519428042835,2000.9778223342903,6374.511534384004,-2056.2489712405004
-5655.535271938755,543.4690761528791,-4081.5623219798517,900.437222051543,-4414.137060939201,-5270.856696944211,-1964.5696138592461,2130.6129584055757,6352.709589885042,2097.5650605984047,6468.011623945319,-1623.7732152026617
-5377.855655591807,592.5706825456125,-4435.567139647799,879.6975692732697,-4756.242329400011,-4970.20699610092,-1587.9143592369205,1940.2907915778324,6517.173689351932,2185.336810591012,6534.328449045481,-1184.454779706039
-5077.679139374565,639.193454503785,-4770.9670030819425,855.1832340376332,-5077.93918455151,-4648.171977551408,-1204.5994383594157,1741.8311762640687,6654.2310477065275,2263.9238953385093,6573.182407295125,-740.1448153116427
-4756.274863000665,683.1440495125948,-5086.36770850361,827.0004729903745,-5377.853631910352,-4306.14312346425,-816.2343445943549,1536.069181746921,6763.315788461428,2332.9960180550297,6584.410178401503,-292.7157239360441
-4414.9989096584395,724.2405131956616,-5380.460440283885,795.2714701866914,-5654.707566862692,-3945.5984214628297,-424.4483952797805,1323.8696042314605,6843.978909973833,2392.26319295964,6567.9654580695715,155.94690676334682
-4055.2883827269443,762.312992964319,-5652.026907763351,760.1337795154385,-5907.324499219191,-3568.09564443767,-30.884068062519887,1106.1233944119795,6895.889901319613,2441.4769933952866,6523.919159186908,603.952434742444
-3678.6552057215013,797.2043958542728,-5899.944065596898,721.739692073567,-6134.634789474856,-3175.265236921838,362.8096831458194,883.744002162756,6918.837903159069,2480.4316103516553,6452.459078450157,1049.413317512492
-3286.6796773067795,828.7709893405836,-6123.188409246536,680.2555315477523,-6335.680363764699,-2768.802845647493,754.9841130180639,657.6636499032868,6912.732415536455,2508.9647158993976,6353.889030583381,1490.4532452757633
-2881.0038120873164,856.8829442870476,-6320.839839911596,635.8608812937349,-6509.618877781344,-2350.461535556656,1143.997351667957,428.82954573768376,6877.6035545526875,2526.95812751714,6228.627456262413,1925.2152101643653
-2463.3244964989444,881.4248194998387,-6492.0850954716725,588.7477474209991,-6655.727303763195,-1922.0437358327024,1528.2210352242826,198.20004714760586,6813.601859688863,2534.3382708041627,6077.205513711097,2351.869469332862
-2035.3864875632346,902.2959876139621,-6636.220745896634,539.1196627750497,-6773.404919015204,-1485.3929633480564,1906.0468820564238,-33.25921415133713,6720.997653315911,2531.07643958837,5900.264667595301,2768.621361010476
-1598.9752806168417,919.4110022430636,-6752.655753040288,487.1907372461835,-6862.175679212244,-1042.3853731973898,2275.8931965245843,-264.5792355860883,6600.179953683787,2517.188853929097,5698.553792235569,3173.718934448739
-1155.909870473554,932.699906469093,-6840.913595786161,433.1846603079364,-6921.689964863948,-594.9211876294028,2636.211281798913,-494.7915645715172,6451.65494252183,2492.7365179464705,5472.925809224441,3565.4603569535507
-708.035428900491,942.1084828410781,-6900.633962177664,377.33366208763715,-6951.725694682706,-144.91605564811272,2985.4917427238374,-722.9322257385145,6276.043988375401,2457.824880754695,5224.333882215497,3942.201063802888
-257.2159198657795,947.5984450966985,-6931.5740104779225,319.8774395852641,-6952.188805077094,305.70760420851497,3322.2706589390004,-948.0456429882894,6074.0812270206625,2412.603305010181,4953.827193906823,4302.360619749726
194.67332719150477,949.1475718231341,-6933.609201116953,261.06205487718995,-6923.113100470452,755.0292259014068,3645.135607559019,-1169.1885442189252,5846.610700796456,2357.264348685131,4662.546332043743,4644.429263913841
645.7530667538101,946.7497822430853,-6906.733701257304,201.13881226338248,-6864.659484497296,1201.1386319440103,3952.731513722063,-1385.4338358738407,5594.583059514662,2292.04286662625,4351.718312601543,4966.974113091704
1094.1475905891027,940.4151542573625,-6851.060363313845,140.36312133815431,-6777.114587241998,1642.1444345988311,4243.766306309135,-1595.8744337001851,5319.051826788489,2217.2149392447773,4022.651269180326,5268.645001774942
1537.9921666838957,930.169884807372,-6766.820278275352,78.99335288657356,-6660.888808445631,2076.1822558922904,4517.016355182371,-1799.627035316464,5021.1692371663885,2133.096636302127,3676.7288380682917,5548.1799403807845
1975.4404452859987,916.0561925499543,-6654.361904173953,17.28969433502671,-6516.513800921325,2501.4227232473113,4771.331665462513,-1995.8358194137413,4702.181651376348,2040.0426242047604,3315.404268437689,5804.410176283172
2404.6718132023807,898.1321627741812,-6514.149769612601,-44.48698877828098,-6344.639422203741,2916.0792011426634,5005.640803731422,-2183.676055695705,4363.42455925325,1938.4446255080322,2940.1942867738685,6036.264845118817
2823.898676786281,876.4715344453534,-6346.762751966558,-106.07627918991625,-6146.030185649378,3318.415223206456,5218.955530668479,-2362.3576090413258,4006.3171825075083,1828.7297394628245,2552.672743957973,6242.775202466555
3231.3736530576725,851.1634292452279,-6152.891929792631,-167.21931644384784,-5921.561244755445,3706.751593432852,5410.375114566035,-2531.1283208894215,3632.3566923486364,1711.3586324369867,2154.4640724928677,6423.078428311087
3625.3966471829435,822.3120224980186,-5933.338009171167,-227.65988232746167,-5672.2139463493,4079.473129666107,5579.0903004647835,-2689.2772505331604,3243.1120600423515,1586.8236069267336,1747.2365802517293,6576.420998668098
4004.3217931552153,790.0361559360284,-5689.008324221232,-287.14545847940286,-5399.070989511703,4435.035027013382,5724.386910340044,-2836.137758905542,2840.2175616836807,1455.6465576655971,1332.6956059152765,6702.161620346432
4366.56423303711,754.4688923722839,-5420.913412906892,-345.4282519770215,-5103.311227647804,4771.968823318846,5845.649050876557,-2971.0904175592277,2425.365961732566,1318.3768230675005,912.5765600238531,6799.773726050354
4710.606708630635,715.7570125136662,-5130.16317051546,-402.26618526410664,-4786.204151041173,5088.887953153719,5942.361906900817,-3093.56572591377,2000.3014030990278,1175.5889399348405,488.63787437967574,6868.847527892965
5035.005938005407,674.0604543681674,-4817.962584845455,-457.423847331665,-4449.104086565573,5384.492880856112,6014.114100490809,-3203.0466204706213,1566.8120346961814,1027.8803090514896,62.65388146270637,6909.0916279283665
5338.398748028649,629.5516959732554,-4485.607059185271,-510.6734036020069,-4093.4441500486882,5657.5758069080575,6060.599598133776,-3299.0707605835614,1126.7224103162769,875.8687789930748,-363.59235536665966,6920.334184557643
5619.507932977862,582.4150824960526,-4134.47733157037,-561.7954624766866,-3720.7299851555335,5907.02494529546,6081.619151020696,-3381.23257651333,681.8856953463354,720.1901552496176,-788.3162407614064,6902.52363367753
5877.147808554463,532.8460991251777,-3766.034001539588,-610.5798969806465,-3332.53332067014,6131.8283724053745,6077.081256606397,-3449.185066876271,234.1757201512401,561.4956415925529,-1209.7388556445223,6855.7289632868205
6110.229430220464,481.05059158188794,-3381.8116786183527,-656.8266203586572,-2930.485375791935,6331.077450434952,6047.0026328712975,-3502.6413341960615,-214.5210791520655,400.4492205492463,-1626.0941551787585,6780.139540018451
6317.765444806959,427.2439365161221,-2983.412769975162,-700.3463148481392,-2516.2701406214446,6503.969830195351,5991.508200229781,-3541.3758490565224,-662.3137903793804,237.72497988854846,-2035.6361365747578,6676.064485803705
6498.874544836782,371.6501645113426,-2572.500928054333,-740.9611131590398,-2091.6175564824207,6649.812039585431,5910.830569669979,-3565.225435297595,-1107.3151823572614,74.00439218028518,-2436.6459563344924,6543.9316026804
6652.785495994114,314.50103888980505,-2150.794182402192,-778.5052324331058,-1658.2966182063085,6768.021664894015,5805.309039404364,-3574.089970756424,-1547.6498459491163,-90.02644522644873,-2827.4389757172626,6384.285843708109
6778.840709676056,256.0350939754503,-1720.0577832901092,-812.8255606302282,-1218.108418077425,6858.129132490438,5675.388105982305,-3567.9328001881945,-1981.4622757521029,-253.67960205931283,-3206.3717121614936,6197.787328125189
6876.499334574048,196.49663692309102,-1282.0967880087724,-843.7821953992704,-772.8791488838306,6919.779098419337,5521.615499387473,-3546.7808591618405,-2406.924849897459,-416.26813055288943,-3571.8486731481994,5985.208899340459
6945.3398437396,136.13471764812596,-838.7484237773172,-871.2489355376443,-324.45308151113807,6952.731452977711,5344.639755040683,-3510.724509868287,-2822.2456666178527,-577.108895582964,-3922.329047614306,5747.433225152008
6985.062096556396,75.2020717792999,-391.87426399591834,-895.1137251324374,125.31446918468602,6956.861946580988,5145.207338784239,-3459.9170918586055,-3225.676197961443,-735.5254099486143,-4256.333228588747,5485.449440768331
6995.488858422222,13.954041897533127,56.64774300486478,-915.2790504123998,574.5641778353315,6932.162442189139,4924.159343776437,-3394.5741927038916,-3615.5187231837494,-890.8506645080163,-4572.449139310899,5200.349336798695
6976.566764678741,-47.35251739271017,504.9313515669947,-931.6622892322673,1021.4397299134235,6878.740798339172,4682.427780724331,-3314.9726453990816,-3990.133506873252,-1042.4299421132632,-4869.338333782898,4893.323096389485
6928.36671934293,-108.46034479441717,951.0901599937181,-944.1960129676339,1464.0948200868913,6796.8203854953235,4421.031484990094,-3221.4492609856793,-4347.945689692901,-1189.6236035375084,-5145.741841588435,4565.654588102614
6851.083723410045,-169.11288213843056,1393.245771866544,-952.8282404297461,1900.70011680009,6686.739237063967,4141.0716657953635,-3114.3993063160556,-4687.451862667918,-1331.8098328773513,-5400.485725961895,4218.716223934721
6745.036131826661,-229.05538270716545,1829.5359332926857,-957.5226432256112,2329.45018201134,6548.948835106213,3843.727124006758,-2994.274738104359,-5007.226299136185,-1468.3873292778844,-5632.486323588029,3853.9633950185516
6610.664342582501,-288.0360120789056,2258.122602107332,-958.2587018005203,2748.570334323806,6384.012529594814,3530.2491658160284,-2861.582205393732,-5305.926821715105,-1598.7779312994498,-5840.755134519663,3472.9285009716646
6448.528925649619,-345.8069355893763,2677.199905734192,-955.031811218306,3156.32344268897,6192.603589075301,3201.9562400462496,-2716.88083331221,-5582.300284843274,-1722.4291598539735,-6024.40333097334,3077.2145924896386
6259.308203617646,-402.12538666012756,3085.001945622317,-947.8533355699742,3551.0166364828597,5975.502879869836,2860.228326850266,-2560.779801494752,-5835.18765654631,-1838.8166654113315,-6182.645854640244,2668.488650537331
6043.795299750433,-456.75471046470875,3479.81040789014,-936.7506097638094,3931.0079161085227,5733.59617056287,2506.5011052609857,-2393.9357308284143,-6063.528685980441,-1947.4465651346777,-6314.80507355646,2248.474529279882
5802.8946727469465,-509.4653776868823,3859.961941967581,-921.7668873488747,4294.7126464267885,5467.871058477406,2142.259926457268,-2217.0498922520437,-6266.366145962057,-2047.8576557647773,-6420.31397151986,1818.9455936175264
5537.618160663242,-560.0359634616924,4223.855271569963,-902.9612329672038,4640.609913330958,5179.413515225134,1769.0336187849393,-2030.865251237693,-6442.849642045222,-2139.623488447828,-6498.718845510217,1381.7170857455683
5249.080559191443,-608.2540869700828,4569.958005189024,-880.4083580248011,4967.248721734904,4869.404049216561,1388.3881495868677,-1836.163361331075,-6592.238981725968,-2222.354292293142,-6549.68148953697,938.638258455532
4938.494761759676,-653.9173075698789,4896.813116364512,-854.1983982232728,5273.254011216535,4539.113484259265,1001.9201678197105,-1633.7611197699323,-6713.9070990107875,-2295.698734253771,-6572.980846760779,491.58431583339984
4607.166490693917,-696.8339737785645,5203.045067218103,-824.4366317063298,5557.332463629237,4189.898355050981,611.2504503390018,-1424.507397772312,-6807.342530882903,-2359.345503935275,-6568.514115550942,42.44820451238315
4256.4886499658305,-736.8240218643544,5487.365552001512,-791.2431367506083,5818.278075241365,3823.1959224738516,218.01727368782392,-1209.2795576329554,-6872.1514431456535,-2413.024713139451,-6536.297299277773,-406.8676993711088
3887.9353308539353,-773.7197212398211,5748.578840646473,-754.7523881685181,6054.9774644635345,3440.518814087918,-176.13026770877198,-988.9798683263857,-6908.059203745862,-2456.5091013189813,-6476.465194012903,-854.4599609464973
3503.055502199267,-807.3663642755818,5985.5867054247055,-715.1127918905746,6266.414885045684,3043.449298064867,-569.5389768049898,-764.5318309288078,-6914.911502024546,-2489.615039628457,-6389.270812828898,-1298.4324677176626
3103.4664168866016,-837.6228985502427,6197.392916758146,-672.4861575524832,6451.676913833516,2633.633201944493,-960.5582830606606,-536.876424872817,-6892.6750124639375,-2512.2033278753597,-6275.084249955215,-1736.9047734453834
2690.8467657868355,-864.3624999183246,6383.107296902096,-627.047109322923,6609.956781821045,2212.773490973497,-1347.5469661412124,-306.9682858690054,-6841.437601465388,-2524.1797803664485,-6134.3909925612425,-2168.020357695628
2266.929609724374,-887.4730851034833,6541.949322608327,-578.9824356646719,6740.558317365437,1782.62352432755,-1728.879854929498,-75.77182629012457,-6761.408075577278,-2525.495598373448,-5967.789692301439,-2589.9547550278967
1833.4951191623022,-906.8577628052844,6673.251269928978,-528.4903792160312,6842.899471073072,1344.9800111446236,-2102.9544823431866,155.74269106799767,-6652.915469474893,-2516.147528669,-5775.989412880117,-3000.9235094720802
1392.3631503086203,-922.4352225416828,6776.460896029313,-475.7798685017675,6916.51539303903,901.6756919270553,-2468.1976759424124,386.60311465200783,-6516.407871956231,-2496.1778092720165,-5559.806373689745,-3399.1899121591346
945.3856853208515,-934.1400606360849,6851.143654239354,-421.0696937222275,6961.061034828975,454.5717744160426,-2823.0720635636635,615.8393896014901,-6352.450788337293,-2465.673905154987,-5320.160212973477,-3783.072482665399
494.43916330273134,-941.9230428997324,6896.98443960956,-364.5876294143546,6976.313250821015,5.550156419207284,-3166.0824722662865,842.4875547465801,-6161.725037980267,-2424.7680381716646,-5058.069796900331,-4150.952157724439
41.41672791797639,-945.7513036615914,6913.788862978344,-306.569507317074,6962.1723762488555,-443.49452880370467,-3495.7821977787257,1065.5937381866986,-5945.024186331896,-2373.6365168330344,-4774.648603375427,-4501.279154365627
-411.7795832449384,-945.6084808654794,6901.484052058656,-247.25824329380387,6918.663262465522,-890.6630061983778,-3810.7791204446457,1284.21813765133,-5703.251511838859,-2312.4988727689397,-4471.0997113108115,-4832.5794781597515
-863.2466828863053,-941.4947869959957,6860.118978367876,-186.902822654891,6845.9357535246,-1334.0595508260642,-4109.7416424641915,1497.4389709401203,-5437.416509479631,-2241.6168117441744,-4148.710427444617,-5143.461050989786
-1311.0882873165203,-933.4270156204605,6789.864309030643,-125.75724867139206,6744.264592086671,-1771.8002353055738,-4391.404420078037,1704.3563808050621,-5148.630934428942,-2161.2929879399685,-3808.8465836258447,-5432.619436520449
-1753.4227543332986,-921.4384833538911,6691.011782654175,-64.07945946869023,6614.0487468255615,-2202.0211886465877,-4654.57386332887,1904.0962777158957,-4838.104391555214,-2071.8696108596387,-3452.9465378040077,-5698.843145218008
-2188.390880738735,-905.5789070788289,6563.9731086889515,-2.130218825217555,6455.810157847273,-2622.886821458245,-4898.133375232874,2095.814103087129,-4507.139479028682,-1973.7268946729848,-3082.5149118186323,-5941.018504283325
-2614.163633950149,-885.914216292196,6409.278390021769,59.82801332898358,6270.191901054023,-3032.597972204159,-5121.048301674816,2278.698494787688,-4157.126497256025,-1867.2813600862803,-2699.1160985285633,-6158.134081128552
-3028.9497912965103,-862.5263005173305,6227.574069075316,121.53222472200373,6057.955776794229,-3429.399929426764,-5322.370563169602,2451.9748361471784,-3789.5377376068586,-1752.9839989283475,-2304.3675699225246,-6349.284651985773
-3431.00345954751,-835.5126918197889,6019.620398472362,182.72000274429692,5819.979332445485,-3811.5902856651032,-5501.2429398657105,2614.9086692577903,-3405.9213688941727,-1631.3183115983747,-1899.9330166867646,-6513.674709834528
-3818.631446058011,-804.9861826077632,5786.28843841538,243.13068848725266,5557.252332694552,-4177.526580109173,-5656.902981844816,2766.8089531848486,-3007.8949432368318,-1502.7982273527034,-1487.5153483549675,-6650.62150804155
-4190.200451700615,-771.074379087453,5528.556584371682,302.50652668335374,5270.872695127224,-4525.633688823459,-5788.686517925872,2907.03114777216,-2597.13854668006,-1367.9659171440449,-1068.8495817146627,-6759.557637905102
-4544.144054584777,-733.9191909837007,5247.506630461341,360.5938055120229,4962.041912253362,-4854.410923571184,-5896.030737824282,3034.9801040832513,-2175.3876236841825,-1227.3895083979978,-645.6956436766245,-6840.033139690924
-4878.969452507734,-693.6762584274741,4944.319376124345,417.1439803951621,4632.059984214021,-5162.438802806462,-5978.476824644795,3150.1127431702084,-1744.4255082141249,-1081.6607107499053,-219.83111340852054,-6891.717147757759
-5193.263931236114,-650.5143172527764,4620.2697861803235,471.9147761209927,4282.319889109919,-5448.385461192882,-6035.672117280945,3251.940505812595,-1306.0756975734378,-931.392361401093,206.95607273706347,-6914.39907103435
-5485.701025159694,-604.6145043322283,4276.721717257113,524.6712618942278,3914.301620132792,-5711.012666968043,-6067.371785319407,3340.0315571147985,-862.1939082314371,-777.2158984169399,632.8749310459275,-6907.9893104784915
-5755.046336665213,-556.1696050065655,3915.122226704854,575.1868942038467,3529.5658204710244,-5949.181419517042,-6073.440002454357,3414.012731376391,-414.6599556019732,-619.7787700066222,1056.1387333947814,-6872.519515285333
-6000.162980813235,-505.383245120221,3536.9954834667915,623.244522715236,3129.7470483146144,-6161.857102559696,-6053.850608141938,3473.571204432907,34.630498031036055,-459.7417876184226,1474.972282265757,-6808.142379589386
-6220.016622615878,-452.46903065282874,3143.9363038705756,668.637354719588,2716.5467052356735,-6348.114171319236,-6008.687251194034,3518.4558826716557,483.77428154824827,-297.776430572996,1887.6191370154766,-6715.130981301052
-6413.680075443696,-397.64963842336965,2737.6033388490205,711.1698739991863,2291.7256618186666,-6507.140354857801,-5938.143013141007,3548.478500119263,930.8690919875256,-134.56210995212314,2292.348770554641,-6593.877664614447
-6580.337430854518,-341.15586182728873,2319.711942604954,750.6587102826308,1857.0966147217327,-6638.240357384107,-5842.519513396527,3563.5144173291446,1374.0218630049994,29.216600431549132,2687.4636352760467,-6444.892467698682
-6719.28769243605,-283.2256160343124,1892.0267561061455,786.9334557608985,1414.516209438353,-6740.839044725562,-5722.225502442889,3563.5031182181433,1811.357077464105,192.87275793757058,3071.3061164998685,-6268.801097214145
-6829.94788906949,-224.10290751297475,1456.3540419391156,819.8374254072432,965.8769629742347,-6814.484104293913,-5577.774953331704,3548.4484034594807,2241.02497759353,355.7198615001289,3442.2653509293646,-6066.342451645912
-6911.855646317413,-164.03677314463008,1014.5338098750526,849.2283580875751,513.0990205352385,-6858.8481687627,-5409.78466567516,3518.418281480492,2661.2096275459735,517.0746697348609,3798.7838866843317,-5838.365696074313
-6964.671198363149,-103.28019453355844,568.4317749246695,874.9790556620429,58.12178021209943,-6873.730395337976,-5218.971399906667,3473.5445604856395,3070.1367851495434,676.2600174565108,4139.364160469537,-5585.826891951119
-6988.178827013461,-42.08899340063243,119.93119160998724,896.9779574647208,-397.10458038818024,-6859.057493980145,-5006.148562844877,3414.02214717816,3466.0815421155953,832.607620760479,4462.574766413648,-5309.785186747008
-6982.2877186413325,19.279285842366257,-329.07539039884307,915.1296477107966,-850.6276415236073,-6814.884199279082,-4772.222468441991,3340.1080599418283,3847.375694879642,985.460860238591,4767.056490157028,-5011.398569994048
-6947.03223450172,80.56650010854256,-776.6944032876387,929.3552935261101,-1300.5013084167047,-6741.393181963392,-4518.18819998941,3252.1201661280643,4212.414811522727,1134.1775313156143,5051.528080950774,-4691.919204261561
-6882.571594503475,141.51503196184103,-1221.0395245039022,939.5930114308638,-1744.7943733435293,-6638.89439731191,-4245.125101959789,3150.4356547406037,4559.664963757669,1278.132550137776,5314.7917339285705,-4352.688341953862
-6789.188979166004,201.86890800548244,-1660.2398806889896,945.7981602478545,-2181.5990373715317,-6507.82386910848,-3954.1919310688236,3035.4892571960177,4887.669096670774,1416.7206029476006,5555.738254395306,-3995.130841467563
-6667.290059029862,261.37490519961716,-2092.4481472259863,947.9435585565145,-2609.039355639562,-6348.74190931476,-3646.6216970435207,2907.7712299483514,5195.053012685799,1549.3587264696407,5773.351876001939,-3620.749299143656
-6517.400965130353,319.7836391681906,-2515.848500030602,946.0196249883953,-3025.2795691966635,-6162.330775398343,-3323.7162240028665,2767.8251135943333,5480.530949965728,1675.488806535872,5966.714705093479,-3231.1178165321367
-6340.16571819287,376.85062882158934,-2928.664378281016,940.0344398679191,-3428.532285490273,-5949.391769301033,-2986.840463323649,2616.2452836256625,5742.910739096516,1794.5799820212644,6135.010764362606,-2827.875425681683
-6136.34313788839,432.3373319539173,-3329.166019323748,930.0137269534581,-3817.066468695066,-5710.841784405346,-2637.416588424324,2453.674308279688,5981.098525321369,1906.1309411588861,6277.529610237161,-2412.7191983933685
-5906.803256729409,486.012146862337,-3715.677729935519,916.0007543354153,-4189.215200287459,-5447.7093095775135,-2276.9179011105575,2280.8001289807457,6194.10304674096,2009.6720974746486,6393.669500182706,-1987.3970685510396
-5652.523265937323,537.6513754699432,-4086.584861384552,898.056153904903,-4543.383169690313,-5161.129902432925,-1906.8625780543346,2098.3530786904375,6381.039461705129,2104.7676329338724,6482.940088303067,-1553.7003996759854
-5374.583022834198,587.0401439011813,-4440.34045923025,876.2576592210022,-4878.053854530794,-4852.341147362993,-1528.807284697895,1907.1027531315538,6541.132721050987,2191.017396429002,6544.964630248749,-1113.456332665844
-5074.160150984386,633.9732769472694,-4775.471562434642,850.6997620755582,-5191.796350160587,-4522.677117537312,-1144.3406824616134,1707.8547493572112,6673.720482864455,2268.0586464579155,6579.481681457655,-668.5199511880879
-4752.524765431035,678.2561233555994,-5090.585130038108,821.4932885780139,-5483.2718086608165,-4173.562363987011,-755.0768536695517,1501.4472855475658,6778.255569047716,2335.5676277374373,6586.346276103595,-220.76630433533086
-4411.033855953277,719.7053293690409,-5384.373577283438,788.7648961518804,-5751.239448659426,-3806.5054589025417,-362.6486671635797,1288.7477152758538,6854.307964172564,2393.2609725534576,6565.530577753535,227.9176721485765
-4051.1253613416798,758.1495584164275,-5655.619906568788,752.6564934392854,-5994.5620989737,-3423.0921243447765,31.29889377263916,1070.6489488380744,6901.566357914576,2440.8969188489623,6517.123996562892,675.6412935455351
-3674.3119672980683,793.4301553032993,-5903.202421892408,713.3245857384026,-6212.211241381339,-3024.9779815655993,425.1154207522562,848.065793628629,6919.8392328364625,2478.2763383712663,6441.332771791082,1120.518279520242
-3282.174659769492,825.4017536625825,-6126.099018451138,670.9395492363768,-6403.271520724025,-2613.8809599509073,817.1517674445025,621.9312250062897,6909.055499475739,2505.2435696131597,6338.479022414384,1560.674879778191
-2876.3560643946607,853.9328257904015,-6323.3910417144925,625.684837932245,-6566.9446940379385,-2191.5734081225687,1205.76671585016,393.19259866421265,6869.26468065764,2521.6870517599723,6208.99927256597,1994.2579290352487
-2458.5536013526716,878.9061743066679,-6494.266712575059,577.7561277543106,-6702.5529944435675,-1759.8739528585309,1589.3336034519034,162.8078152210641,6800.63664677339,2527.53975736443,6053.442462360748,2419.4427892340163
-2030.5124833416949,900.2193653396025,-6638.024117047833,527.360402948539,-6809.5418900483955,-1320.639154113378,1966.2468931753174,-68.25855239318749,6703.460903515511,2522.779422981411,5872.4674582867565,2834.4411383752717
-1594.018582765487,917.7851031362832,-6754.073760446305,474.71499033357367,-6887.482223037313,-875.7550064602876,2334.928667990824,-299.03915816278817,6578.1454333268985,2507.4285784734516,5666.840080692908,3237.508567233479
-1150.8911925532086,931.5315461482618,-6841.940687008327,420.046547470063,-6936.071719348165,-427.1283386615769,2693.835031616376,-528.5677980422882,6425.215091678034,2481.5543771145144,5437.429668911713,3626.9519475395414
-702.9757034643817,941.4025647350213,-6901.266166602532,363.5900111651545,-6955.135864742859,23.321836239184776,3041.462396177138,-755.883329715913,6245.309559311254,2445.2682299458347,5185.205207172968,4001.136537876297
-252.1362193104622,947.3579406733675,-6931.808950453633,305.5875130176209,-6944.628148569616,473.6729679517565,3376.353636885397,-980.033585441196,6039.180851848698,2398.7252490486435,4911.231036650705,4358.492796468218
199.75186967749585,949.3735086644083,-6933.446097832944,246.28726889818319,-6904.629681948102,922.0075615212038,3697.1040928758,-1200.0792657432814,5807.690388706888,2342.123505473266,4616.662180715554,4697.522873175315
650.8093360358714,947.4412399997798,-6906.17337543044,185.9424493491536,-6835.348202376148,1366.4216653635215,4002.367392330193,-1415.097801017866,5551.805624138477,2275.703108486433,4302.739311727334,5016.806756237626
1099.1605681297688,941.569268494667,-6850.105230726953,124.81003787649968,-6737.116481740834,1805.0332068204764,4290.861079020663,-1624.187167332958,5272.5962444583165,2199.7451135577307,3970.783388502599,5315.008052575196
1542.9410086906473,931.7818587272538,-6765.474340195968,63.14968399778891,-6610.390159312971,2235.99013007354,4561.372016459621,-1826.4696419310408,4971.229937118951,2114.5702670968426,3622.189993948341,5590.879383645702
1980.3045603695975,918.1193165532919,-6652.630732662984,1.2225577060094583,-6455.745025421284,2657.4782945702887,4812.761545042691,-2021.095483164962,4648.967739275437,2020.5375963762224,3258.423402299445,5843.267381919459
2409.430939444525,900.6378418013237,-6512.040487715813,-60.709788280609885,-6273.873785065029,3067.7290958795893,5043.970366971566,-2207.2465188949996,4307.158975801071,1918.0428533354598,2881.010404980191,6071.1172758789435
2828.5329581028377,879.4093230092218,-6344.284008767399,-122.38654247923088,-6065.582333673555,3465.0267750039147,5254.023133412399,-2384.139626772399,3947.2357993480623,1807.5168210758134,2491.5339233863187,6273.477054027024
3235.863714726376,854.5210740458026,-6150.053870293981,-183.54873924161075,-5831.785579519688,3847.715386530914,5442.032708335225,-2551.0300893753497,3570.707347940875,1689.4234918330612,2091.6264359203456,6449.5012006473735
3629.7236703829553,826.0755124809582,-5930.1522389669835,-243.94033890370116,-5573.502848922052,4214.205400491249,5607.204083836013,-2707.2148068820948,3179.1535386824908,1564.2581250852907,1682.9632454815562,6598.4539979686315
4008.4675883411887,794.1897796311622,-5685.487868917626,-303.3092789191194,-5291.852911330074,4562.979917295411,5748.837922498089,-2852.03534989292,2774.2185193732657,1432.5451942343623,1267.2556123897277,6719.712390923159
4370.511311943388,758.9953023197721,-5417.072672256346,-361.40849195499754,-4988.048661694465,4892.600479542253,5866.333703523872,-2984.880835172018,2357.603803108533,1294.8362300229523,846.2437764851433,6812.768411860081
4714.338354672959,720.637296556781,-5126.017867238261,-417.9968874824803,-4663.39149722255,5201.712468726705,5959.1924509673845,-3105.190607488562,1931.0611141505353,1151.7075685422099,421.6898909713626,6877.231163385325
5038.50627481919,679.274213562006,-4813.529708128921,-472.8402939424062,-4319.2654247551545,5489.0500788336985,6027.019024415106,-3212.45671140279,1496.3849764766437,1003.7580113774532,-4.62911047926324,6912.828357988788
5341.652805855539,635.0771288284288,-4480.904802874182,-525.7123590960516,-3957.1309336464938,5753.440862411972,6069.523954875694,-3306.226137768435,1055.4050793045815,851.6064051593379,-430.92869269313627,6919.40741332526
5622.501712587176,588.2290752457291,-4129.525027090835,-576.3954066690128,-3578.518667258258,5993.809847911032,6086.524811413366,-3386.1028309001867,609.9784565062059,695.8891475620022,-855.4239239865638,6896.936101998518
5879.868342364117,538.9243216730913,-3760.8520456329074,-624.6812478526053,-3185.0229240797053,6209.183229788565,6077.947087148433,-3451.749443768832,161.98151907099736,537.2576266411303,-1276.336687467204,6845.502754524714
6112.664840264239,487.3675987583868,-3376.4214560007536,-670.3719466326064,-2778.295017148412,6398.691635121225,6043.824596594298,-3502.888830214504,-286.698018394968,376.3756003528952,-1691.9028789668912,6765.316013896942
6319.904997182261,433.7732742394141,-2977.8365710827006,-713.2805382627051,-2360.0365179650116,6561.572972162577,5984.299379837512,-3539.3052649806473,-734.1692748011906,213.91652315362612,-2100.3795716520226,6656.704139917485
6500.708700260078,378.36448042220496,-2566.761862078866,-753.2317004847181,-1931.992408563273,6697.174867488021,5899.621112723736,-3560.845384332505,-1178.5463601706842,50.560826758520534,-2500.0521267819418,6520.1138612883715
6654.305956090672,321.3721970005947,-2144.916085873023,-790.0623773166333,-1495.9441629046917,6804.956699062896,5790.1460259114,-3567.418842094267,-1617.9565102456463,-113.00683756153323,-2889.2412292334816,6356.1087734335915
6780.04045863669,263.0342928487087,-1714.0651245055951,-823.6223553821832,-1053.7027763992483,6884.491232796761,5656.335339318681,-3558.9986780751533,-2050.548154897701,-276.10038734645036,-3266.3098253204435,6165.367280240445
6877.372675824638,203.5945308718126,-1276.0145676715738,-853.7747928433118,-607.1017601885118,6935.46586994696,5498.753222041042,-3535.6213980115053,-2474.4988779342148,-438.03511964960757,-3629.6699391633847,5948.680078417935
6945.882431289022,143.30154042925173,-832.6020722349137,-880.3967010229386,-157.9901149314384,6957.683512162543,5318.064291183013,-3497.3867662837374,-2888.023227203235,-598.1305351274144,-3977.7893424724016,5706.947184029645
6985.270960715106,82.40776223457159,-385.6895355332459,-903.37937877501,291.77470273644235,6951.063050079516,5115.030666161552,-3444.457314729364,-3289.3803356887806,-755.7131658718205,-4309.198051167756,5441.174502006491
